|trigger_num|name       |ra     |dec   |time                 |flux_64 |flux_64_error|t90     |t90_error|
|      02052|4B 921112- |05 07.8|-88 57|1992-11-12 12:46:08.5|        |             |        |         |
|      07980|GRB 000203 |21 56.2|-88 24|  2000-02-03 10:27:50|  2.4140|  0.2203     |   0.240| 0.074   |
|      06405|GRB 970930-|18 01.0|-88 00|1997-09-30 22:18:59.7|  0.9132|  0.1825     |  30.144| 3.567   |
|      03875|4B 951019  |10 46.0|-87 49|1995-10-19 13:24:04.7|  3.0230|  0.2260     |   8.384| 1.473   |
|      06497|GRB 971124 |17 00.8|-87 06|1997-11-24 00:23:34.9|  0.5406|  0.1742     |   3.328| 0.730   |
|      01579|4B 920502- |08 48.0|-84 58|1992-05-02 19:05:03.8|  3.4260|  0.3100     |  73.472| 4.160   |
|      06404|GRB 970930-|18 45.8|-84 31|1997-09-30 00:00:59.2| 24.0120|  0.5182     |  36.992| 0.202   |
|      05637|GRB 961019 |21 27.5|-84 11|1996-10-19 21:08:11.8|  1.7640|  0.2059     |  13.184| 1.409   |
|      07515|GRB 990411-|21 59.4|-83 26|1999-04-11 04:25:31.9|  3.2372|  0.2497     | 328.448|11.968   |
|      02590|4B 931017  |12 05.8|-83 07|1993-10-17 01:17:49.3|        |             |        |         |
|      01608|4B 920517- |02 27.8|-82 50|1992-05-17 00:34:37.6|        |             |        |         |
|      01306|4B 920120  |20 01.2|-82 45|  1992-01-20 22:30:40|  0.6790|  0.2370     |   7.296| 2.834   |
|      01590|4B 920509  |22 44.9|-82 26|1992-05-09 11:19:14.8|  0.6620|  0.1970     |  69.504| 3.765   |
|      03255|4B 941023- |14 09.1|-82 21|1994-10-23 04:34:32.2| 12.6670|  0.4210     |  34.880| 0.653   |
|      03590|4B 950522- |05 54.1|-81 55|1995-05-22 06:38:16.9|        |             |        |         |
|      01303|4B 920116- |10 11.2|-81 19|1992-01-16 18:30:34.9|  1.1300|  0.2570     |  21.248| 2.064   |
|      00761|4B 910905  |00 00.0|-81 03|1991-09-05 23:48:55.3|  3.5880|  0.3770     |  81.472| 1.105   |
|      05733|GRB 961230 |02 30.1|-80 37|1996-12-30 14:08:43.9|  2.0299|  0.2170     |   0.675| 0.182   |
|      07113|GRB 980923 |05 07.8|-80 36|1998-09-23 20:10:47.5| 54.0203|  0.8337     |  33.024| 0.091   |
|      02395|4B 930614- |02 14.6|-80 32|1993-06-14 21:50:54.3|  1.6620|  0.3120     |   0.128| 0.091   |
|      03322|4B 941217  |08 40.7|-80 22|1994-12-17 04:01:31.3|  0.9610|  0.1800     |  26.720| 4.845   |
|      07156|GRB 981015-|19 11.3|-80 19|1998-10-15 04:52:21.9|        |             |        |         |
|      05629|GRB 961009-|08 40.8|-80 14|1996-10-09 13:37:45.2|  8.1376|  0.3540     |        |         |
|      07560|GRB 990510-|13 50.0|-80 13|1999-05-10 08:49:06.3| 11.2834|  0.3629     |  68.032| 0.202   |
|      03639|4B 950611- |14 41.4|-79 34|1995-06-11 05:41:49.9|  1.5350|  0.0520     |        |         |
|      02145|4B 930124  |19 09.2|-79 27|1993-01-24 18:16:58.2|  0.9850|  0.2200     |   0.768| 0.405   |
|      02375|4B 930606- |16 50.6|-79 16|1993-06-06 07:18:48.7|  1.5820|  0.3120     |  67.840| 3.756   |
|      07939|GRB 000108-|15 45.4|-78 49|2000-01-08 16:48:07.3| 10.7660|  0.3821     |   1.039| 0.072   |
|      05456|4B 960508- |17 13.3|-77 37|1996-05-08 19:00:05.4|  3.4420|  0.2410     |   3.904| 0.643   |
|      05547|4B 960722- |03 28.2|-77 09|1996-07-22 04:08:31.6|  1.9670|  0.2350     |   0.896| 0.143   |
|      06342|GRB 970821 |15 04.3|-76 59|1997-08-21 14:50:02.4|  2.1547|  0.2240     |  11.712| 5.824   |
|      03374|4B 950123  |15 41.6|-76 48|1995-01-23 07:42:04.1|  2.0970|  0.2260     |   2.284| 0.504   |
|      05457|4B 960509  |20 25.8|-76 47|1996-05-09 12:13:45.5|  1.2680|  0.1960     |        |         |
|      01887|4B 920902- |03 30.3|-76 39|1992-09-02 18:22:28.4|        |             |        |         |
|      06476|GRB 971113 |14 26.3|-76 38|1997-11-13 16:08:50.8| 13.0749|  0.4426     |        |         |
|      07491|GRB 990323-|22 10.3|-76 32|1999-03-23 17:29:37.1| 24.3492|  0.5551     |  49.472| 0.389   |
|      02987|4B 940521- |21 41.8|-76 26|  1994-05-21 22:02:24|  1.4520|  0.2400     |   0.640| 0.286   |
|      06244|GRB 970530 |21 33.3|-75 48|1997-05-30 04:40:04.6|  0.7700|  0.1963     |  70.976| 6.085   |
|      07900|GRB 991210-|19 32.0|-75 41|1999-12-10 15:00:09.1|  1.8424|  0.2350     |  60.800| 2.812   |
|      04744|4B 960205- |04 46.7|-75 40|  1996-02-05 07:10:03|  2.2960|  0.2180     |   0.128| 0.091   |
|      06593|GRB 980208-|04 03.9|-75 29|1998-02-08 12:50:59.9| 10.1204|  0.3656     |  31.232| 1.026   |
|      00591|4B 910730- |16 38.2|-75 13|1991-07-30 04:18:18.9|  0.9350|  0.2620     |  56.064| 5.410   |
|      06557|GRB 980103-|15 46.8|-75 02|1998-01-03 10:38:42.9|  2.0733|  0.2669     |  96.128| 1.590   |
|      07564|GRB 990513-|22 37.8|-75 01|1999-05-13 19:48:15.5|  2.3965|  0.2551     |   6.016| 2.326   |
|      02697|4B 931219- |01 22.0|-74 43|1993-12-19 00:46:06.5|  1.3310|  0.2490     |  13.696| 0.749   |
|      02486|4B 930809- |02 31.9|-74 38|1993-08-09 05:11:04.1|        |             |        |         |
|      05206|4B 960311  |13 40.6|-74 37|1996-03-11 18:44:58.6|  3.4650|  0.2790     |   0.304| 0.023   |
|      01125|4B 911127- |10 43.9|-74 35|1991-11-27 23:08:34.3|  0.6550|  0.2240     |  18.112| 5.769   |
|      03477|4B 950321  |16 22.5|-74 26|1995-03-21 03:26:02.7|  0.9540|  0.2010     |   1.461| 0.326   |
|      07701|GRB 990806 |02 16.0|-74 02|1999-08-06 14:28:06.5|  2.0197|  0.2055     |  17.408| 3.009   |
|      02973|4B 940512- |06 08.8|-74 01|1994-05-12 16:49:44.7|  1.9980|  0.3100     |   0.637| 0.075   |
|      06715|GRB 980430-|19 33.5|-66 53|1998-04-30 01:04:47.9|  3.7157|  0.2623     |   0.452| 0.027   |
|      01883|4B 920830  |17 14.1|-73 59|1992-08-30 01:45:17.6|  5.3630|  0.3740     |  17.344| 2.561   |
|      01553|4B 920414- |07 30.0|-73 43|1992-04-14 23:22:41.9| 13.7030|  0.5240     |   0.960| 0.143   |
|      01635|4B 920606  |22 22.9|-73 43|1992-06-06 20:52:19.8|  1.8960|  0.2470     |   0.512| 0.202   |
|      06486|GRB 971118-|07 35.6|-73 42|1997-11-18 08:03:28.3|  7.1854|  0.3296     |   0.075| 0.002   |
|      00856|4B 911002  |07 42.7|-73 41|1991-10-02 08:52:51.8|  1.6210|  0.2970     |   0.896| 0.771   |
|      01573|4B 920430- |15 11.8|-73 31|  1992-04-30 08:44:25|        |             |        |         |
|      03511|4B 950417  |09 04.7|-73 17|1995-04-17 12:06:41.1|  1.8620|  0.2590     |  19.904| 3.089   |
|      06275|GRB 970617 |13 36.7|-73 16|1997-06-17 00:14:59.1|  2.1010|  0.2392     |   1.984| 0.345   |
|      06877|GRB 980626-|01 10.6|-72 59|1998-06-26 22:39:46.7|  2.1673|  0.2298     |  13.056| 0.272   |
|      03571|4B 950513  |18 06.4|-72 55|1995-05-13 22:41:43.6|        |             |        |         |
|      03305|4B 941128- |02 10.9|-72 50|  1994-11-28 15:36:57|        |             |        |         |
|      02677|4B 931204- |14 44.7|-72 43|  1993-12-04 14:35:15|  0.9070|  0.2390     |   2.176| 2.371   |
|      07789|GRB 991005-|03 13.5|-72 36|1999-10-05 03:29:52.7|  5.0979|  0.3028     |   0.164| 0.012   |
|      06870|GRB 980626-|03 55.5|-72 32|1998-06-26 01:25:59.1|  1.2151|  0.1992     |  14.400| 1.900   |
|      07311|GRB 990109 |10 43.3|-72 24|1999-01-09 01:36:23.8|        |             |        |         |
|      07830|GRB 991029 |22 51.8|-72 21|1999-10-29 06:16:30.2|  1.1940|  0.2186     |   0.896| 0.085   |
|      07509|GRB 990404-|20 22.6|-72 11|1999-04-04 19:35:33.6|  1.0328|  0.2001     |   5.248| 1.548   |
|      00666|4B 910811  |05 18.8|-72 10|1991-08-11 14:33:52.5|  1.7800|  0.2690     |        |         |
|      01642|4B 920609- |17 20.5|-72 05|  1992-06-09 18:11:52|  0.6490|  0.2240     |  82.880| 8.140   |
|      08068|GRB 000408-|16 57.4|-71 51|2000-04-08 00:06:57.7|        |             |   0.620| 0.037   |
|      02770|4B 940119- |21 46.2|-71 38|1994-01-19 02:42:10.7|  0.7860|  0.2290     | 181.088| 1.954   |
|      02291|4B 930406- |00 48.6|-71 37|1993-04-06 22:03:17.5|  0.8900|  0.2340     |   0.064| 0.091   |
|      02005|4B 921024  |12 07.1|-70 54|1992-10-24 23:39:45.2|        |             |        |         |
|      03441|4B 950225- |05 03.9|-70 26|  1995-02-25 17:09:38|  2.0570|  0.2500     |   0.240| 0.115   |
|      06469|GRB 971108 |15 44.3|-70 26|1997-11-08 02:52:54.9|  2.5250|  0.2245     |   1.792| 0.771   |
|      01432|4B 920224- |11 18.6|-66 47|1992-02-24 02:43:38.7|  0.5820|  0.2230     |  38.720| 3.183   |
|      03545|4B 950505  |09 35.5|-70 13|1995-05-05 12:33:13.9|  1.5340|  0.2090     |   1.439| 0.080   |
|      05255|4B 960316  |14 52.0|-70 10|1996-03-16 18:34:44.3|  1.1820|  0.2180     |  69.472|13.670   |
|      08066|GRB 000407 |10 31.9|-70 04|  2000-04-07 03:06:38|  2.2030|  0.2317     |  28.928| 6.166   |
|      07755|GRB 990907 |07 33.7|-69 47|1999-09-07 17:35:11.9|        |             |        |         |
|      02387|4B 930612- |06 52.3|-69 46|1993-06-12 00:44:17.7|  4.1070|  0.3290     |  41.984| 1.218   |
|      06098|GRB 970221 |22 51.2|-69 42|1997-02-21 10:18:27.9|  1.7173|  0.1997     |   9.344| 0.466   |
|      02512|4B 930903- |16 11.4|-69 28|1993-09-03 02:36:37.3|  3.5190|  0.3000     |   0.359| 0.075   |
|      03038|4B 940621- |18 30.6|-69 10|1994-06-21 15:03:37.9|  1.4980|  0.2810     |   0.464| 0.011   |
|      03453|4B 950304  |16 08.3|-69 06|1995-03-04 10:27:37.8|        |             |        |         |
|      02433|4B 930708- |05 46.2|-69 01|1993-07-08 05:12:38.3|        |             |        |         |
|      02895|4B 940329- |15 50.0|-68 53|1994-03-29 05:49:26.3|        |             |        |         |
|      01953|4B 920924  |08 26.7|-68 44|1992-09-24 18:10:58.6|  2.2700|  0.3150     |   2.816| 0.634   |
|      03938|4B 951208- |04 50.6|-68 29|1995-12-08 23:24:13.4|        |             |  66.976| 1.900   |
|      01888|4B 920903  |04 07.9|-68 22|1992-09-03 00:49:17.2|        |             |        |         |
|      06550|GRB 971229 |22 41.2|-68 20|1997-12-29 10:11:33.5|  1.5153|  0.2071     |  13.312| 1.857   |
|      07488|GRB 990322 |00 50.0|-68 19|1999-03-22 04:03:56.5|  2.4323|  0.2773     |  57.280| 7.617   |
|      01235|4B 911227  |23 21.8|-68 15|1991-12-27 01:05:53.3|  2.6390|  0.3130     | 189.952| 0.487   |
|      02401|4B 930619  |16 19.8|-68 08|1993-06-19 19:10:57.2|  0.7040|  0.2330     |   3.200| 0.516   |
|      05377|4B 960329  |18 39.4|-67 59|1996-03-29 17:29:45.9|        |             |        |         |
|      02515|4B 930905- |22 00.2|-67 54|1993-09-05 21:54:11.7|  1.0100|  0.2690     |  10.528| 1.494   |
|      06160|GRB 970406-|22 44.1|-67 51|1997-04-06 04:09:11.9|  1.0392|  0.2071     |        |         |
|      06136|GRB 970326-|23 57.1|-67 38|1997-03-26 08:16:13.8|  3.4297|  0.3538     |   1.920| 0.643   |
|      07516|GRB 990411-|03 23.0|-67 37|1999-04-11 17:12:49.9|        |             |        |         |
|      06386|GRB 970918-|01 57.6|-67 35|1997-09-18 16:04:23.2|  2.0008|  0.2360     |   0.832| 0.091   |
|      02189|4B 930213- |13 19.9|-67 28|1993-02-13 12:45:44.4|  0.7060|  0.2240     |  20.544| 1.943   |
|      07559|GRB 990510-|00 43.9|-67 19|1999-05-10 06:24:51.1|  1.9963|  0.2036     |   2.970| 1.089   |
|      01626|4B 920525- |00 58.6|-67 08|1992-05-25 07:15:51.7|  3.2290|  0.3020     |  30.336| 4.505   |
|      01479|4B 920314- |06 50.4|-66 45|1992-03-14 05:20:37.7|  0.5450|  0.1960     |        |         |
|      02522|4B 930910- |11 10.4|-66 41|1993-09-10 12:12:08.2|  3.8610|  0.3280     |  83.072| 0.231   |
|      05494|4B 960613- |18 26.1|-66 28|  1996-06-13 00:03:45|  0.9970|  0.2070     |  32.000| 3.203   |
|      03767|4B 950822- |16 21.0|-66 24|1995-08-22 03:49:09.6|        |             |        |         |
|      03290|4B 941121- |02 21.8|-66 22|  1994-11-21 17:24:58| 10.8500|  0.3610     |  43.648| 0.264   |
|      01009|4B 911106- |04 09.0|-66 15|1991-11-06 12:52:54.5|  0.8050|  0.2290     | 356.672| 4.390   |
|      06422|GRB 971009-|18 14.0|-66 14|1997-10-09 18:56:55.8|  8.2515|  0.3716     |   6.592| 0.202   |
|      02050|4B 921112- |11 22.1|-66 14|1992-11-12 05:33:18.3|        |             |        |         |
|      02169|4B 930206- |15 34.0|-66 09|1993-02-06 15:03:11.5|        |             |  14.528| 2.273   |
|      07933|GRB 000104-|09 40.7|-66 07|2000-01-04 01:28:44.8|        |             |        |         |
|      07404|GRB 990221-|02 23.6|-66 07|1999-02-21 00:58:19.8|  0.9904|  0.1967     |  40.320|12.163   |
|      07708|GRB 990814-|10 19.1|-66 05|1999-08-14 09:17:09.2|        |             |        |         |
|      00486|4B 910705- |01 36.1|-65 59|1991-07-05 00:09:02.8|  1.5540|  0.2500     |   0.320| 0.066   |
|      03153|4B 940902- |14 21.7|-65 58|1994-09-02 17:00:05.7|  0.8020|  0.2430     |  32.032| 3.226   |
|      05499|4B 960615- |19 41.9|-65 58|1996-06-15 23:58:35.9|  1.5590|  0.2040     |   0.624| 0.025   |
|      02485|4B 930809- |10 53.6|-65 50|  1993-08-09 02:25:17|  1.2930|  0.2820     |   0.176| 0.025   |
|      06608|GRB 980218-|14 29.3|-65 48|1998-02-18 23:47:43.5|        |             |        |         |
|      01713|4B 920720- |17 13.6|-65 46|1992-07-20 07:33:04.8|        |             |        |         |
|      06331|GRB 970809-|10 37.2|-65 31|  1997-08-09 15:38:18|  1.0369|  0.2124     |   2.432| 0.707   |
|      03569|4B 950510  |12 34.3|-65 29|1995-05-10 07:47:59.8|  4.9280|  0.2880     |  21.024| 2.521   |
|      07603|GRB 990611-|18 48.5|-65 26|1999-06-11 05:07:06.1|  1.5177|  0.2516     |   9.280| 1.154   |
|      01552|4B 920414- |20 00.0|-65 09|1992-04-14 18:37:56.7|  0.4330|  0.1850     |  48.320| 6.416   |
|      03333|4B 941229- |04 51.8|-64 58|1994-12-29 14:19:01.6|  1.7700|  0.2220     |   0.052| 0.016   |
|      06583|GRB 980129 |19 09.7|-64 55|1998-01-29 15:19:43.1|  1.1159|  0.2232     |  39.232| 4.596   |
|      03084|4B 940716- |15 54.0|-64 50|1994-07-16 09:39:16.3|  2.5310|  0.3200     |   9.600| 0.551   |
|      03351|4B 950111- |22 25.0|-64 47|1995-01-11 04:47:43.3|  5.1800|  0.2710     | 102.912| 1.620   |
|      01656|4B 920619- |09 20.7|-64 43|1992-06-19 08:33:01.5|  1.7110|  0.2500     | 182.784| 2.111   |
|      03771|4B 950830- |22 00.3|-64 40|1995-08-30 10:26:29.7|  1.7510|  0.2140     | 132.256|10.546   |
|      05724|GRB 961224-|12 11.4|-64 38|1996-12-24 17:41:48.9|  2.1542|  0.2423     |   1.280| 0.590   |
|      00677|4B 910814- |10 55.2|-64 38|1991-08-14 13:58:58.5|  6.2100|  0.4400     |   0.055| 0.008   |
|      04710|4B 960202  |14 20.2|-64 38|1996-02-02 14:05:51.4|  3.0120|  0.2630     |   9.984| 1.026   |
|      06308|GRB 970715 |18 01.9|-64 34|1997-07-15 12:23:02.6|  0.5759|  0.1934     |  18.880| 1.684   |
|      01651|4B 920617- |06 42.8|-64 31|1992-06-17 03:44:28.3|  3.0280|  0.2890     |   8.512| 0.653   |
|      00673|4B 910813  |02 37.6|-64 29|1991-08-13 13:36:24.7|  0.4100|  0.2160     |  27.456| 2.290   |
|      05337|4B 960325- |08 46.6|-64 22|  1996-03-25 16:47:11|        |             |        |         |
|      07841|GRB 991105 |11 11.2|-64 11|1999-11-05 16:40:44.8|  3.0264|  0.2457     |  50.368| 2.176   |
|      03450|4B 950303  |07 34.3|-63 58|1995-03-03 06:27:18.8|        |             |        |         |
|      02767|4B 940118  |19 10.8|-63 56|1994-01-18 10:56:41.1|  0.5190|  0.2290     |  33.216| 0.792   |
|      06432|GRB 971013-|14 47.0|-63 52|1997-10-13 23:57:08.7|        |             |  32.256| 4.672   |
|      06616|GRB 980226 |06 23.2|-63 44|1998-02-26 16:32:21.2|  0.4765|  0.1910     |  34.688| 3.598   |
|      07597|GRB 990604-|04 39.2|-63 37|1999-06-04 16:41:34.2|  0.9186|  0.1765     |  52.096| 4.222   |
|      06236|GRB 970519 |14 13.8|-63 35|1997-05-19 13:01:27.6|  4.1550|  0.2761     |        |         |
|      07178|GRB 981027 |22 39.8|-63 35|1998-10-27 23:24:27.7|  1.5531|  0.2305     |  52.416| 5.574   |
|      02324|4B 930503- |13 13.3|-63 31|1993-05-03 06:32:30.6|  1.0040|  0.2180     |  92.704| 3.746   |
|      00704|4B 910821  |19 29.8|-63 31|1991-08-21 01:42:38.8|  1.4150|  0.2890     |  45.888| 2.883   |
|      08054|GRB 000326-|18 03.4|-63 28|2000-03-26 15:25:26.1|  0.7769|  0.1813     |  21.248| 3.842   |
|      05470|4B 960523- |03 07.0|-63 19|1996-05-23 16:32:01.8|  5.7890|  0.3100     |  30.400| 0.389   |
|      07780|GRB 990930 |00 46.5|-63 15|1999-09-30 23:00:36.2|  0.6209|  0.1970     | 116.032|16.200   |
|      05597|GRB 960908 |12 28.8|-63 14|1996-09-08 14:01:57.4|  2.9996|  0.2183     |  31.168| 3.586   |
|      02069|4B 921127  |08 36.1|-63 09|  1992-11-27 00:08:07|  0.5610|  0.2250     |  48.384| 2.189   |
|      03516|4B 950421  |04 48.0|-63 04|1995-04-21 12:29:49.6|  7.8350|  0.3660     |  19.200| 1.218   |
|      03296|4B 941126- |00 55.2|-63 03|1994-11-26 00:20:45.4|  1.5990|  0.1990     |        |         |
|      05643|GRB 961025 |18 45.7|+21 59|1996-10-25 12:44:57.6|        |             |        |         |
|      06194|GRB 970419 |16 01.7|-63 02|1997-04-19 06:12:14.2|  2.3899|  0.2335     |  35.264| 1.056   |
|      03166|4B 940911  |02 22.1|-63 02|1994-09-11 16:27:40.3|  0.8610|  0.2490     |   5.504| 0.730   |
|      02985|4B 940521- |08 36.8|-63 01|1994-05-21 11:45:18.5|  1.1410|  0.2430     |  31.104| 3.605   |
|      08082|GRB 000420-|20 55.2|-63 01|2000-04-20 18:00:40.6|  3.5043|  0.2413     |  10.112| 0.528   |
|      07472|GRB 990315-|00 22.8|-63 00|1999-03-15 16:35:30.6|  2.9583|  0.2411     |   1.958| 0.066   |
|      03347|4B 950105  |01 33.2|-62 52|1995-01-05 05:28:53.2|  1.0070|  0.1930     |  61.216| 6.292   |
|      03102|4B 940730  |23 12.6|-62 52|1994-07-30 18:17:23.9|  1.1200|  0.2300     |  37.056| 1.190   |
|      00226|4B 910525  |14 24.1|-62 49|1991-05-25 19:26:27.9|  1.3070|  0.2380     | 221.184| 0.466   |
|      07813|GRB 991020 |17 26.1|-62 48|1999-10-20 13:40:21.8|  5.3785|  0.2917     |   0.564| 0.164   |
|      06578|GRB 980124-|12 48.8|-62 42|1998-01-24 20:56:38.9|  1.1259|  0.2154     |  68.352| 1.361   |
|      02252|4B 930316  |00 51.3|-62 40|1993-03-16 22:44:37.6|  0.8080|  0.2010     |  35.328| 6.725   |
|      01647|4B 920613- |23 30.2|-62 36|1992-06-13 20:27:18.5|        |             |        |         |
|      03091|4B 940720  |09 43.8|-62 32|1994-07-20 09:13:24.9|  0.9950|  0.2270     |   9.472| 0.580   |
|      06674|GRB 980401-|13 14.2|-62 23|1998-04-01 12:46:24.5|  0.9796|  0.2188     |  86.336|11.699   |
|      03044|4B 940624- |18 49.8|-62 23|1994-06-24 14:33:14.5|  2.5620|  0.3160     |        |         |
|      06582|GRB 980126 |16 22.6|-62 19|  1998-01-26 20:41:04|  2.5806|  0.2502     |   7.040| 1.218   |
|      00297|4B 910608  |15 56.5|-62 15|1991-06-08 23:14:00.7|  2.9790|  0.3160     |   0.960| 0.091   |
|      01465|4B 920305- |16 30.7|-62 08|1992-03-05 09:47:55.4|  0.5340|  0.2350     |        |         |
|      07579|GRB 990523-|08 43.8|-62 05|1999-05-23 05:43:55.4|  1.5446|  0.2530     |  15.808| 0.462   |
|      02591|4B 931018  |16 05.0|-62 01|1993-10-18 05:54:34.8|        |             |        |         |
|      05212|4B 960312  |15 49.5|-61 58|1996-03-12 12:47:15.1|  2.4010|  0.2540     |   0.384| 0.097   |
|      01662|4B 920622- |03 36.6|-61 49|1992-06-22 06:28:02.9|  1.7660|  0.2410     |   0.419| 0.142   |
|      02206|4B 930220  |13 56.5|-61 45|1993-02-20 01:34:58.8|  1.9090|  0.2970     |   0.602| 0.114   |
|      07868|GRB 991121 |20 06.4|-61 34|1999-11-21 11:21:44.4|  2.6046|  0.2182     | 112.192| 0.994   |
|      07834|GRB 991101-|13 34.0|-61 20|1999-11-01 04:19:37.8|        |             |        |         |
|      07609|GRB 990618 |14 18.6|-61 19|1999-06-18 03:53:56.7|  0.9927|  0.2008     |  52.416| 1.305   |
|      03298|4B 941126- |17 39.0|-61 18|1994-11-26 12:22:01.1|        |             |        |         |
|      03766|4B 950819  |22 37.9|-61 15|1995-08-19 23:35:34.3|  1.1980|  0.2010     | 134.496| 6.325   |
|      04216|4B 960102  |04 17.3|-60 58|1996-01-02 20:20:54.6|  1.6420|  0.2150     |  25.472| 2.312   |
|      06230|GRB 970514 |04 30.4|-60 53|1997-05-14 02:14:16.8|  4.8363|  0.2714     |   1.280| 0.771   |
|      03104|4B 940803- |07 27.5|-60 53|1994-08-03 01:23:14.5|        |             |        |         |
|      06564|GRB 980109-|00 48.9|-60 49|1998-01-09 01:12:25.6|  1.6539|  0.2071     |  30.720| 4.300   |
|      07344|GRB 990123-|21 22.4|-60 49|1999-01-23 13:19:42.3|  2.6955|  0.2635     |   0.364| 0.343   |
|      06634|GRB 980310-|05 00.8|-60 43|1998-03-10 00:36:29.4|  1.0122|  0.3702     |   0.583| 0.047   |
|      01481|4B 920314- |00 00.0|-60 29|1992-03-14 09:41:51.9|  1.0660|  0.2620     |   1.408| 0.326   |
|      06635|GRB 980310-|16 09.6|-60 28|1998-03-10 13:57:41.3| 12.0549|  0.3869     |   1.152| 0.143   |
|      07580|GRB 990523-|15 43.8|-60 25|1999-05-23 13:58:46.3|  0.7085|  0.1878     |  66.560|10.378   |
|      07527|GRB 990424-|05 55.5|-60 20|1999-04-24 03:12:31.9| 11.9363|  0.3923     | 253.952| 2.369   |
|      04776|4B 960207  |01 56.4|-60 16|1996-02-07 16:11:42.7|  5.5400|  0.2880     |   0.448| 0.091   |
|      07150|GRB 981011 |02 31.6|-60 04|1998-10-11 19:35:56.4|        |             |        |         |
|      02798|4B 940206- |09 36.8|-59 58|1994-02-06 00:08:37.8| 24.1920|  0.7300     |  49.152| 1.223   |
|      07872|GRB 991122 |14 19.4|-59 47|1999-11-22 07:21:30.6|  0.8615|  0.1867     |  36.864| 9.515   |
|      08073|GRB 000412 |13 25.5|-59 47|2000-04-12 11:42:52.3|  3.9772|  0.2649     |  33.024| 2.691   |
|      05514|4B 960623- |10 54.8|-59 44|1996-06-23 09:11:43.3|  2.0200|  0.2120     |        |         |
|      06425|GRB 971011 |13 44.3|-59 43|1997-10-11 11:50:52.3|  3.1366|  0.2346     |   8.896| 1.145   |
|      06294|GRB 970704-|14 02.8|-59 39|1997-07-04 12:52:48.5|  0.6102|  0.1743     |        |         |
|      03286|4B 941116  |08 23.8|-59 28|1994-11-16 19:20:30.1|  0.9040|  0.2880     |   2.368| 0.580   |
|      03088|4B 940717- |06 48.8|-59 22|1994-07-17 08:47:41.7|  0.6970|  0.2490     |   5.184| 0.231   |
|      07751|GRB 990904-|15 05.5|-59 20|1999-09-04 14:40:23.6|        |             |        |         |
|      07465|GRB 990312 |07 09.4|-59 10|1999-03-12 09:03:46.4|        |             |        |         |
|      00685|4B 910816- |14 44.1|-59 05|1991-08-16 12:12:01.6|  1.1430|  0.2580     |  72.512| 2.187   |
|      05731|GRB 961228-|00 16.6|-59 04|1996-12-28 23:58:38.8|  3.2853|  0.2849     |  60.032| 2.120   |
|      01458|4B 920302- |07 41.1|-58 55|1992-03-02 00:14:44.1|  0.8000|  0.2190     |  81.728| 3.350   |
|      07647|GRB 990712-|08 26.1|+08 39|1999-07-12 07:45:19.4| 24.0609|  0.5052     |        |         |
|      03499|4B 950409  |03 08.6|-58 43|1995-04-09 06:32:39.6|        |             |        |         |
|      01954|4B 920925- |08 38.9|-58 41|1992-09-25 08:50:38.8|        |             |        |         |
|      06309|GRB 970716 |07 36.8|-58 31|1997-07-16 04:13:32.3|  1.1898|  0.2015     |  22.656| 1.605   |
|      03618|4B 950602  |02 45.8|-58 30|1995-06-02 07:06:32.8|  2.6940|  0.2320     |  90.176| 3.905   |
|      06359|GRB 970903-|15 51.0|-58 26|1997-09-03 17:25:09.5|        |             |        |         |
|      00465|4B 910629- |04 37.0|-58 25|1991-06-29 05:15:45.6|  0.3150|  0.2160     |  13.824| 2.572   |
|      07517|GRB 990412 |09 03.3|-58 18|1999-04-12 11:02:30.6|  0.8541|  0.2017     |  48.064| 7.516   |
|      07446|GRB 990304-|00 33.3|-58 15|1999-03-04 10:15:36.1| 12.8255|  0.4076     |  13.568| 0.962   |
|      00543|4B 910717- |16 39.4|-58 13|1991-07-17 04:33:04.2| 11.1580|  0.5070     |   4.864| 0.202   |
|      02975|4B 940512- |22 02.2|-58 11|1994-05-12 21:52:10.6|  2.4390|  0.2790     |   0.240| 0.088   |
|      03029|4B 940616- |11 00.2|-58 11|  1994-06-16 05:02:06|  0.8860|  0.2150     |  44.736| 3.201   |
|      06700|GRB 980423 |10 44.8|-58 02|  1998-04-23 02:45:41|  3.3306|  0.2606     |   0.192| 0.091   |
|      05575|4B 960815  |17 41.3|-58 01|1996-08-15 10:00:27.1|  9.5000|  0.3640     |  12.800| 0.264   |
|      07932|GRB 000103 |11 11.6|-57 59|2000-01-03 23:35:08.8|  3.1139|  0.2326     |  67.392| 2.819   |
|      02146|4B 930125  |09 17.5|-57 48|1993-01-25 20:45:40.9|  1.6820|  0.3230     |   0.248| 0.040   |
|      01307|4B 920121- |17 31.4|-57 44|1992-01-21 04:33:00.3|  0.8650|  0.3200     |        |         |
|      02108|4B 921228- |04 30.7|-57 43|1992-12-28 14:19:48.7|        |             |        |         |
|      01541|4B 920406  |19 19.6|-57 41|1992-04-06 02:44:13.5| 38.3150|  0.8900     |  26.240| 0.231   |
|      06487|GRB 971118-|21 16.8|-57 39|1997-11-18 22:08:10.5|  0.7860|  0.1852     |   9.408| 3.238   |
|      03860|4B 951011  |02 43.4|-57 35|1995-10-11 21:34:39.3|  4.7310|  0.2880     |  31.488| 0.389   |
|      02953|4B 940429- |02 20.4|-57 31|1994-04-29 00:43:53.4| 18.1470|  0.5810     |  16.832| 0.771   |
|      07526|GRB 990423 |07 24.4|-57 29|1999-04-23 02:21:06.2|  0.6847|  0.1938     |   1.973| 1.284   |
|      06320|GRB 970731 |17 14.1|-57 28|1997-07-31 20:08:04.6|  1.4740|  0.2321     |  57.984| 7.621   |
|      03267|4B 941031- |02 38.6|-57 17|1994-10-31 04:42:28.9|  0.6470|  0.1750     |  54.336|11.916   |
|      03229|4B 941009  |23 28.9|-57 15|1994-10-09 03:35:59.4|  0.9670|  0.1830     |  20.736| 0.905   |
|      07745|GRB 990829-|17 16.7|-57 13|1999-08-29 21:36:38.1|  0.9266|  0.1900     |   3.264| 0.898   |
|      06985|GRB 980810 |23 19.7|+24 38|1998-08-10 18:35:29.4| 19.3286|  0.5217     |        |         |
|      03890|4B 951102- |22 29.9|-57 13|1995-11-02 00:31:50.4|  1.4300|  0.2300     |  12.224| 0.320   |
|      00516|4B 910712  |20 14.5|-57 05|1991-07-12 08:15:45.7|  0.9350|  0.2210     |  12.672| 3.117   |
|      07990|GRB 000217-|18 10.9|-56 58|2000-02-17 21:00:04.7|        |             |        |         |
|      07678|GRB 990728 |13 58.5|-56 50|1999-07-28 11:03:44.9| 11.7202|  0.3531     |  42.752| 0.707   |
|      02484|4B 930807- |18 20.4|-56 50|1993-08-07 22:02:49.4|  1.7480|  0.2650     |  11.392| 1.370   |
|      05423|4B 960415- |10 36.4|-56 49|1996-04-15 04:51:43.9|  1.0070|  0.1830     |  13.312| 5.773   |
|      06630|GRB 980306-|22 46.5|-56 44|1998-03-06 17:34:11.6| 17.2734|  0.4339     |  23.552| 0.326   |
|      07864|GRB 991120 |03 24.8|-56 37|  1999-11-20 05:46:50|        |             |        |         |
|      05554|4B 960730- |18 31.8|-56 32|1996-07-30 19:35:08.2|  1.4550|  0.1970     |  79.296|18.497   |
|      05482|4B 960601- |13 55.2|-56 29|1996-06-01 04:45:49.6|  1.2870|  0.2410     | 253.280| 9.909   |
|      03103|4B 940731  |08 05.4|-56 25|1994-07-31 00:41:10.6|  0.9010|  0.2310     |  53.824| 0.973   |
|      02751|4B 940111  |10 12.7|-56 20|  1994-01-11 08:53:37|  0.4900|  0.2240     |  20.544| 5.841   |
|      01665|4B 920622- |10 38.1|-56 19|1992-06-22 16:07:20.9|  6.5300|  0.4300     |   0.192| 0.091   |
|      06413|GRB 971005 |22 04.7|-56 15|  1997-10-05 01:15:55|  4.5187|  0.2928     |   6.528| 0.091   |
|      02430|4B 930705- |05 13.1|-56 10|1993-07-05 23:52:01.4|  0.8090|  0.2250     |  28.096| 5.641   |
|      02877|4B 940312- |14 46.0|-56 10|1994-03-12 11:28:22.7|  3.0300|  0.3300     | 114.112| 1.088   |
|      07607|GRB 990615 |11 35.7|-56 05|1999-06-15 15:47:54.2|  4.4804|  0.2825     |  70.656| 0.453   |
|      01709|4B 920718- |19 45.6|-55 59|1992-07-18 21:32:43.3| 13.6110|  0.5140     |   3.456| 0.231   |
|      02419|4B 930627  |10 08.0|-55 56|1993-06-27 01:29:44.8|  0.7290|  0.2080     |  76.256| 7.177   |
|      03652|4B 950628  |12 00.0|-55 53|1995-06-28 00:35:45.7|  1.1340|  0.2060     |        |         |
|      02107|4B 921228- |17 32.8|-55 40|1992-12-28 00:47:21.2|        |             |        |         |
|      01646|4B 920613- |20 51.6|-55 38|1992-06-13 14:31:43.5|  1.0230|  0.2450     | 129.024| 8.382   |
|      03366|4B 950118- |02 32.8|-55 31|1995-01-18 17:15:05.3| 13.9020|  0.4390     |        |         |
|      06565|GRB 980109-|11 14.0|-55 31|1998-01-09 07:46:12.4|        |             |        |         |
|      01544|4B 920408- |10 17.9|-55 28|1992-04-08 10:57:05.4|        |             |        |         |
|      02320|4B 930428  |08 39.4|-55 27|1993-04-28 01:07:12.6| 11.0340|  0.4680     |   0.608| 0.041   |
|      06361|GRB 970904 |06 21.6|-55 22|1997-09-04 10:57:05.8|  2.1874|  0.2223     |   0.901| 0.302   |
|      02448|4B 930719- |19 10.6|-55 19|1993-07-19 08:56:14.2|  0.8450|  0.2500     |   0.768| 0.521   |
|      02102|4B 921218  |23 42.5|-55 19|1992-12-18 02:30:02.6|  1.7930|  0.2560     |  11.520| 0.792   |
|      01996|4B 921022- |13 20.6|-55 18|1992-10-22 04:55:47.6|        |             |        |         |
|      03415|4B 950211- |04 17.4|-55 01|1995-02-11 20:07:48.8| 10.3060|  0.3990     |  54.336| 0.264   |
|      07845|GRB 991108 |00 14.6|-54 53|  1999-11-08 06:46:05|  3.7801|  0.2869     |  81.344| 7.168   |
|      06757|GRB 980513 |08 30.5|-54 50|1998-05-13 21:41:25.6|  1.2325|  0.2361     |   2.432| 1.620   |
|      05527|4B 960703- |22 01.6|-54 47|1996-07-03 18:10:40.3|  5.0380|  0.2630     |   0.820| 0.008   |
|      01525|4B 920329  |01 12.8|-54 46|1992-03-29 16:38:26.3|        |             |        |         |
|      03319|4B 941214  |14 40.0|-54 46|1994-12-14 14:08:40.9|  2.2790|  0.2440     | 206.272| 5.889   |
|      06609|GRB 980219 |16 44.0|-54 43|1998-02-19 13:52:43.5|        |             |        |         |
|      02539|4B 930925  |06 27.9|-54 40|1993-09-25 13:40:59.7|        |             |        |         |
|      05304|4B 960322- |06 27.9|-54 37|1996-03-22 05:27:21.4| 13.8730|  0.4620     |  22.784| 0.326   |
|      06109|GRB 970302-|00 31.7|-54 32|1997-03-02 12:56:17.4|        |             |  55.296| 4.465   |
|      07667|GRB 990722-|09 58.8|-54 26|1999-07-22 21:20:45.1|        |             |        |         |
|      07843|GRB 991107 |10 23.2|-54 25|1999-11-07 08:03:31.4|  1.5698|  0.2043     | 102.272|23.768   |
|      06299|GRB 970708-|10 14.4|-54 20|1997-07-08 13:46:17.1|  3.6223|  0.2731     |   0.202| 0.019   |
|      05647|GRB 961027-|04 35.0|-54 17|1996-10-27 12:02:02.5|  6.5049|  0.3197     |   1.088| 0.326   |
|      07030|GRB 980829 |16 00.0|-54 12|1998-08-29 05:20:49.8|  3.7082|  0.2704     |  47.744| 3.522   |
|      02996|4B 940527- |17 55.1|-54 00|1994-05-27 16:18:14.3|  0.6540|  0.2530     |  50.848| 5.033   |
|      03308|4B 941203  |00 12.2|-53 51|1994-12-03 17:16:26.7|  1.0530|  0.2100     |   0.512| 0.091   |
|      01279|4B 920105  |22 21.6|-53 48|  1992-01-05 17:41:17|  1.4060|  0.3130     |  37.760| 1.494   |
|      05478|4B 960530  |09 33.6|-53 47|1996-05-30 17:18:19.1|  3.0950|  0.2400     | 296.960| 2.753   |
|      07063|GRB 980904-|08 24.0|-53 43|1998-09-04 08:42:30.3| 13.8406|  0.4007     |   0.128| 0.091   |
|      06657|GRB 980325-|13 55.2|-53 38|1998-03-25 03:34:48.8|  1.1557|  0.2001     |  42.368| 1.350   |
|      05753|GRB 970108 |00 04.9|-53 37|1997-01-08 17:14:01.8|        |             |        |         |
|      03634|4B 950608  |03 50.2|-53 36|1995-06-08 22:34:32.5|  3.6850|  0.3230     | 142.048| 1.094   |
|      05729|GRB 961228-|10 41.1|-53 36|1996-12-28 00:29:32.2|  2.3832|  0.2213     |  52.992| 0.716   |
|      07635|GRB 990706-|18 34.5|-53 34|1999-07-06 20:31:33.6|  1.4654|  0.2073     | 124.160| 1.404   |
|      05693|GRB 961125 |20 18.8|-53 31|  1996-11-25 07:39:37|        |             | 355.072|12.710   |
|      07656|GRB 990716-|18 51.1|-53 28|  1999-07-16 04:00:01|  1.0004|  0.2076     |  60.096| 4.226   |
|      00472|4B 910701  |04 05.4|-53 25|1991-07-01 03:51:39.4|  1.3950|  0.4340     |  82.176| 5.724   |
|      00606|4B 910802- |13 18.3|-53 25|1991-08-02 15:21:16.7|  1.2040|  0.2470     |  20.736| 0.373   |
|      03803|4B 950917- |19 31.5|-53 21|1995-09-17 19:32:45.2|        |             |   0.015| 0.001   |
|      07650|GRB 990713-|21 17.2|-53 17|1999-07-13 03:36:56.8|        |             |        |         |
|      06157|GRB 970404-|04 54.6|-53 17|  1997-04-04 17:30:11|        |             |  10.240| 1.448   |
|      02067|4B 921123- |22 17.0|-53 15|1992-11-23 06:18:31.7| 18.9190|  0.6520     |  30.848| 0.516   |
|      01153|4B 911208- |02 32.6|-53 07|1991-12-08 21:05:01.5|  0.5150|  0.2070     |   9.024| 5.924   |
|      06707|GRB 980425 |19 27.6|-53 07|1998-04-25 21:49:08.7|  1.2451|  0.2033     |  34.880| 3.781   |
|      06433|GRB 971014 |18 59.2|-52 50|1997-10-14 05:24:28.8|        |             |   0.192| 0.091   |
|      00142|4B 910502- |03 04.9|-52 43|1991-05-02 22:37:23.4|  8.8660|  0.5350     |        |         |
|      06585|GRB 980202 |03 05.0|-52 43|1998-02-02 14:06:28.1|  1.3128|  0.2278     |  17.536| 1.690   |
|      05648|GRB 961029-|03 57.4|-52 37|1996-10-29 06:34:37.6|  1.0271|  0.0462     |  40.448| 4.868   |
|      07430|GRB 990226-|09 45.9|-52 37|1999-02-26 16:38:06.8|  2.2212|  0.2383     |   3.904| 0.962   |
|      06602|GRB 980215 |22 46.8|-52 34|1998-02-15 18:24:38.1|  1.1998|  0.2065     |  39.680| 3.840   |
|      07227|GRB 981124 |22 51.3|-52 34|1998-11-24 20:00:28.4|  2.2037|  0.2264     |   0.092| 0.042   |
|      07191|GRB 981105 |11 24.3|-52 26|1998-11-05 01:26:09.6|  1.2702|  0.2108     |  44.928|19.191   |
|      06125|GRB 970315-|08 42.5|-52 24|1997-03-15 22:13:42.2|        |             |1307.010|19.459   |
|      02232|4B 930310  |18 57.4|-52 23|1993-03-10 07:19:20.1|  6.6500|  0.3840     |  56.512| 3.265   |
|      03770|4B 950830- |21 32.4|-52 20|1995-08-30 04:14:04.6|  5.1570|  0.2770     |   0.544| 0.036   |
|      06784|GRB 980526 |16 32.0|-52 18|1998-05-26 07:09:26.9|        |             |        |         |
|      03227|4B 941008  |20 22.5|-52 11|1994-10-08 13:32:52.8| 17.7250|  0.5070     | 115.328| 0.181   |
|      05562|4B 960804- |18 45.0|-52 07|1996-08-04 19:32:40.8|  2.5660|  0.2200     |   0.160| 0.036   |
|      06802|GRB 980601 |14 50.2|-52 06|  1998-06-01 06:39:40|  1.2915|  0.2106     |  31.296| 5.326   |
|      07975|GRB 000131 |06 15.8|-52 02|2000-01-31 14:57:57.5|        |             |        |         |
|      02716|4B 931229- |03 42.4|+38 05|1993-12-29 16:44:15.9|        |             |        |         |
|      02090|4B 921209- |22 11.9|-52 01|1992-12-09 11:35:38.8| 10.8220|  0.4600     |  38.144| 0.143   |
|      06528|GRB 971210-|11 47.6|-51 57|1997-12-10 07:43:33.4|  4.4397|  0.2936     |  15.680| 3.603   |
|      01614|4B 920520- |12 40.1|-51 56|1992-05-20 07:40:58.1|  1.1800|  0.2570     | 215.040| 4.236   |
|      02496|4B 930820  |10 12.2|-51 53|1993-08-20 00:18:33.8|  0.6750|  0.2970     |  36.512| 3.083   |
|      01872|4B 920824  |15 14.4|-51 47|1992-08-24 10:53:03.1|        |             |        |         |
|      07292|GRB 981231-|22 22.7|-51 45|  1998-12-31 23:08:20|  3.6048|  0.2473     |   0.262| 0.037   |
|      06349|GRB 970827 |08 58.6|-51 38|1997-08-27 09:55:50.6|  1.9626|  0.2357     |  82.688| 3.447   |
|      01430|4B 920222  |17 10.9|-51 35|1992-02-22 09:05:19.2|  0.7660|  0.2830     |        |         |
|      05451|4B 960430  |00 47.2|-51 29|1996-04-30 13:51:26.9|  4.5130|  0.2550     |  24.512| 0.834   |
|      01042|4B 911111- |04 15.9|-51 22|1991-11-11 14:37:18.7|  1.4810|  0.2660     |  25.024| 1.319   |
|      00630|4B 910805  |20 53.1|-51 18|1991-08-05 10:41:25.6|  0.5810|  0.3120     |  18.176| 1.448   |
|      03796|4B 950914- |03 02.2|-51 16|1995-09-14 02:07:55.6|        |             |        |         |
|      01321|4B 920130- |00 31.0|-51 04|1992-01-30 00:29:37.3|  2.7270|  0.3330     |        |         |
|      01453|4B 920229- |12 45.4|-51 04|1992-02-29 19:21:17.2| 11.8900|  0.5080     |   0.192| 0.453   |
|      03379|4B 950129- |23 06.6|-50 54|1995-01-29 22:04:30.9|  2.1590|  0.2380     |   0.608| 0.051   |
|      00219|4B 910522  |09 10.9|-50 53|1991-05-22 12:12:09.7| 20.1330|  0.6370     |  29.696| 1.414   |
|      00229|4B 910526- |02 02.2|-50 43|1991-05-26 04:39:10.1|  1.0850|  0.2200     |   0.448| 0.091   |
|      02663|4B 931128- |07 20.6|-50 40|1993-11-28 05:07:51.6|  0.8630|  0.2300     |  12.224| 1.581   |
|      02443|4B 930711- |16 44.2|-50 34|1993-07-11 23:53:55.1|  2.2230|  0.2620     |  28.896| 1.541   |
|      01204|4B 911223  |22 28.0|-50 25|1991-12-23 05:36:57.6|  5.1250|  0.4030     |   3.712| 1.549   |
|      05561|4B 960803- |22 32.1|-50 08|1996-08-03 18:45:22.4| 19.2800|  0.4510     |   0.104| 0.011   |
|      06678|GRB 980404-|04 37.0|-49 57|1998-04-04 16:51:40.4|  0.5981|  0.1778     |   8.192| 2.721   |
|      01690|4B 920708  |20 33.4|-49 55|1992-07-08 13:23:20.3|        |             |   3.200| 2.382   |
|      03096|4B 940726  |00 26.2|-49 53|1994-07-26 14:39:48.9|  2.4610|  0.2990     |   6.976| 0.320   |
|      02693|4B 931215- |00 30.8|-49 52|1993-12-15 06:12:18.2|  1.2050|  0.2660     |   0.188| 0.122   |
|      03110|4B 940806- |01 47.0|-49 51|1994-08-06 19:43:20.2|  4.4490|  0.3230     |  10.176| 0.389   |
|      03405|4B 950206- |16 06.6|-49 41|1995-02-06 19:45:41.8|  1.7440|  0.2310     |  67.392|19.245   |
|      07449|GRB 990305-|10 20.4|-49 29|1999-03-05 18:30:11.8|  4.2018|  0.2721     |   0.987| 0.705   |
|      01051|4B 911113  |22 41.3|-49 28|  1991-11-13 13:41:44|  1.4610|  0.2640     |   0.320| 0.320   |
|      03651|4B 950627  |16 09.1|-49 22|1995-06-27 15:46:18.2|        |             |        |         |
|      02495|4B 930819  |07 03.1|-49 17|1993-08-19 16:09:01.3|  0.7760|  0.2080     |  38.080| 1.042   |
|      03330|4B 941228  |23 35.1|-49 14|1994-12-28 07:39:41.2|  8.8180|  0.3410     |  61.952| 1.921   |
|      03871|4B 951016- |07 56.0|-49 05|1995-10-16 19:53:28.8|  1.3470|  0.2030     |  44.096| 1.581   |
|      03099|4B 940728- |02 50.3|-49 05|1994-07-28 02:55:32.2|        |             |  31.232| 2.409   |
|      07386|GRB 990213-|18 20.4|-49 04|1999-02-13 07:00:07.5|  0.6184|  0.1956     |  20.608| 9.865   |
|      02461|4B 930724- |03 20.2|-49 02|  1993-07-24 16:46:27|        |             |        |         |
|      01601|4B 920511- |08 20.2|-48 58|  1992-05-11 06:27:25|  2.2730|  0.2950     |  48.512| 4.608   |
|      05649|GRB 961029-|03 59.2|-48 53|1996-10-29 06:45:50.8|        |             |        |         |
|      01551|4B 920413  |07 18.9|-48 53|1992-04-13 22:55:31.9|  0.6660|  0.2240     |  29.440| 0.500   |
|      00981|4B 911101  |04 58.1|-48 48|1991-11-01 02:48:54.1|  0.7080|  0.2290     |        |         |
|      02163|4B 930204- |09 53.7|-48 45|1993-02-04 22:32:49.5|  1.1330|  0.2500     |   0.391| 0.023   |
|      01518|4B 920325- |19 34.8|-48 41|1992-03-25 12:58:07.9|  3.6180|  0.3440     |   1.088| 0.264   |
|      03082|4B 940715- |14 19.5|-48 40|1994-07-15 22:55:24.8|        |             |        |         |
|      02280|4B 930401- |13 32.4|-48 37|1993-04-01 06:21:32.7|        |             |        |         |
|      03361|4B 950117- |19 36.3|-48 36|1995-01-17 15:30:07.4|        |             |        |         |
|      05574|4B 960814  |12 50.0|-48 33|1996-08-14 16:20:47.9|  1.2550|  0.2010     | 119.808|12.936   |
|      02707|4B 931225- |00 54.0|-48 24|1993-12-25 05:02:55.8|        |             |        |         |
|      06417|GRB 971008 |02 32.4|-48 23|1997-10-08 03:44:43.7|        |             |        |         |
|      03149|4B 940901  |03 39.3|-48 19|1994-09-01 21:22:32.2|        |             |        |         |
|      02056|4B 921115  |20 25.8|-48 19|1992-11-15 19:49:27.7|  1.0060|  0.2430     |   1.792| 0.389   |
|      01734|4B 920802  |06 45.4|-48 16|1992-08-02 04:35:24.2|  2.0120|  0.2790     |  46.720| 2.817   |
|      02494|4B 930817  |05 55.9|-48 15|1993-08-17 04:48:41.3|        |             |        |         |
|      06638|GRB 980312 |09 31.0|-48 14|1998-03-12 22:49:32.7|  2.2077|  0.2462     |   3.072| 1.090   |
|      03250|4B 941018- |00 24.4|-48 09|1994-10-18 13:08:11.1|        |             |        |         |
|      06632|GRB 980309-|20 40.9|-48 04|1998-03-09 00:07:11.8|  0.6763|  0.2126     |  10.688| 4.436   |
|      02940|4B 940419- |23 59.4|-47 57|1994-04-19 19:10:58.2|        |             |        |         |
|      05277|4B 960319  |06 19.4|-47 43|1996-03-19 14:26:33.1|  8.1430|  0.3320     |   0.496| 0.023   |
|      03895|4B 951104- |12 37.6|-47 43|1995-11-04 17:35:03.6|  0.7550|  0.1950     |   0.768| 0.091   |
|      07548|GRB 990505 |15 10.8|-47 41|1999-05-05 07:51:07.5|  3.1361|  0.2503     |  13.888| 1.793   |
|      06917|GRB 980712-|19 30.4|-47 40|1998-07-12 06:04:00.7|  3.3274|  0.2624     |   4.416| 0.389   |
|      03001|4B 940529- |06 43.7|-47 33|1994-05-29 12:07:17.4|  4.3550|  0.3600     |  29.696| 1.094   |
|      07831|GRB 991030 |08 12.0|-47 31|1999-10-30 01:46:04.9|  0.9778|  0.2333     |  72.320| 9.913   |
|      06353|GRB 970831 |05 43.0|-47 20|1997-08-31 17:39:30.7|  2.8972|  0.2395     | 114.496| 1.319   |
|      07493|GRB 990328 |10 00.3|-47 10|1999-03-28 03:24:10.9|  0.5403|  0.1969     | 219.584|25.075   |
|      07508|GRB 990404-|20 05.1|-47 10|1999-04-04 11:07:19.6|  3.4767|  0.2521     |   0.384| 0.143   |
|      03580|4B 950517  |01 23.3|-47 09|  1995-05-17 10:56:16|        |             |  25.504| 3.912   |
|      07605|GRB 990611-|22 52.8|-47 05|1999-06-11 11:57:01.9|  4.0810|  0.2726     |  16.320| 0.143   |
|      02588|4B 931016- |04 25.6|-46 55|1993-10-16 09:24:14.6|        |             |        |         |
|      07794|GRB 991009 |17 09.1|-46 55|  1999-10-09 16:49:56|  1.8474|  0.2081     | 131.648| 1.770   |
|      03043|4B 940623- |02 15.5|-46 53|1994-06-23 23:48:05.7|  1.0970|  0.2560     |   0.104| 0.018   |
|      02290|4B 930406- |09 18.5|-46 52|1993-04-06 17:08:00.3|  0.8250|  0.2320     |        |         |
|      02633|4B 931113- |07 11.3|-46 48|1993-11-13 23:07:21.4|  1.2020|  0.2600     |   1.408| 0.091   |
|      02294|4B 930408  |16 22.4|-46 48|  1993-04-08 04:38:17|        |             |        |         |
|      02436|4B 930709- |12 57.6|-46 44|1993-07-09 06:14:22.1|  6.7140|  0.4200     |  33.280| 0.091   |
|      08089|GRB 000502 |16 55.8|-46 41|2000-05-02 03:33:10.6|  4.4957|  0.2669     |   0.123| 0.034   |
|      03289|4B 941121- |00 20.3|-46 36|1994-11-21 09:25:43.2|        |             |        |         |
|      02323|4B 930502  |16 58.9|-46 32|1993-05-02 13:52:52.6|        |             |        |         |
|      02799|4B 940206- |17 21.6|-46 28|1994-02-06 18:25:47.7|  8.7370|  0.4260     |   3.214| 0.198   |
|      03515|4B 950420  |18 44.1|-46 28|  1995-04-20 15:13:59|  0.8940|  0.1750     |  26.816|10.049   |
|      06930|GRB 980718-|21 15.8|-46 26|1998-07-18 02:58:26.7|  5.7627|  0.3608     |  36.800| 0.643   |
|      08059|GRB 000331-|01 16.4|-46 17|2000-03-31 07:00:10.4|  1.1804|  0.1828     |  78.656| 4.416   |
|      06271|GRB 970614-|21 09.4|-46 11|1997-06-14 07:47:48.6|  1.0036|  0.2021     |  60.096| 6.080   |
|      03119|4B 940812- |22 42.0|-46 07|1994-08-12 00:27:42.6|  0.9320|  0.2990     |  35.584| 0.590   |
|      01655|4B 920618  |21 04.0|-46 04|  1992-06-18 21:50:08|  0.6180|  0.2090     |  67.136| 4.926   |
|      00550|4B 910718- |20 31.9|-46 02|1991-07-18 11:09:17.8|  0.6760|  0.2580     |        |         |
|      02560|4B 931003  |06 41.8|-45 58|1993-10-03 21:20:29.1|  1.0800|  0.2750     |  17.792| 0.810   |
|      05448|4B 960426  |16 33.6|-45 57|1996-04-26 06:37:58.3|  1.2970|  0.1800     |   0.896| 0.059   |
|      01501|4B 920320- |02 37.4|-45 53|1992-03-20 10:09:16.4|        |             |        |         |
|      07519|GRB 990414 |15 53.8|-45 49|1999-04-14 18:32:01.1|        |             |        |         |
|      01167|4B 911213  |13 57.6|-45 44|1991-12-13 20:35:37.2|  0.6090|  0.2090     |  24.576| 2.473   |
|      02166|4B 930205  |18 32.0|-45 44|1993-02-05 10:10:31.2|        |             |        |         |
|      02051|4B 921112- |19 14.8|-45 43|1992-11-12 09:26:08.3|        |             |        |         |
|      03014|4B 940604- |08 41.2|-45 40|1994-06-04 06:39:26.4|        |             |        |         |
|      01603|4B 920511- |04 20.1|-45 36|  1992-05-11 20:37:36|        |             |  11.264| 2.639   |
|      05513|4B 960623- |19 08.2|-45 35|1996-06-23 03:20:38.9|  0.3270|  0.1720     |  16.992| 1.208   |
|      07899|GRB 991210-|20 10.5|-45 35|  1999-12-10 10:28:04|  2.0091|  0.2227     |        |         |
|      03711|4B 950728  |12 15.4|-45 34|1995-07-28 09:03:34.1|        |             |   9.984| 1.409   |
|      06960|GRB 980802-|11 54.5|-45 32|1998-08-02 04:30:54.4|        |             |        |         |
|      06629|GRB 980306-|00 28.2|-45 31|1998-03-06 09:33:02.6|  7.3255|  0.3218     | 239.552| 1.548   |
|      07898|GRB 991210-|19 48.6|-45 27|1999-12-10 00:14:10.1|        |             |        |         |
|      00871|4B 911006  |02 13.2|-45 26|1991-10-06 09:01:53.9|  1.4570|  0.2560     |        |         |
|      05454|4B 960508- |09 27.9|-45 26|1996-05-08 13:30:08.9|  1.1550|  0.2090     |  35.872| 2.450   |
|      06375|GRB 970910-|21 06.6|-45 26|1997-09-10 01:13:35.7|  0.8186|  0.1894     |  31.104| 4.672   |
|      06278|GRB 970624 |10 18.7|-45 25|1997-06-24 10:28:42.7|  1.0403|  0.2229     |   0.192| 0.091   |
|      00108|4B 910424  |13 25.2|-45 25|1991-04-24 19:43:26.6|  0.8120|  0.2380     |   3.136| 0.590   |
|      06440|GRB 971020 |01 55.2|-45 13|1997-10-20 05:37:44.7|  2.8575|  0.2699     |  13.376| 0.962   |
|      02945|4B 940424  |01 59.2|-45 13|1994-04-24 08:38:36.1|  1.5400|  0.2450     |   3.392| 0.143   |
|      03130|4B 940821- |22 17.0|-45 12|1994-08-21 04:24:18.4|  0.8470|  0.2610     |  18.496| 1.305   |
|      07584|GRB 990527-|19 39.8|-45 10|1999-05-27 03:32:40.5|  1.9198|  0.2201     |   0.420| 0.128   |
|      01467|4B 920307  |23 42.3|-45 09|  1992-03-07 00:18:04|  2.5920|  0.2700     |  26.816| 1.605   |
|      05421|4B 960414  |23 24.2|-45 08|1996-04-14 03:37:45.9|  2.2520|  0.2170     | 266.752| 0.771   |
|      06909|GRB 980707-|16 23.1|-45 07|1998-07-07 09:10:10.8|        |             |        |         |
|      08104|GRB 000513-|22 35.6|-45 07|2000-05-13 11:21:35.4|  8.1333|  0.3022     |   0.384| 0.091   |
|      02268|4B 930326- |18 14.1|-45 06|1993-03-26 06:26:22.5|  2.5280|  0.2800     |   1.954| 0.129   |
|      01157|4B 911209- |17 19.9|-45 05|1991-12-09 18:35:57.9| 12.1870|  0.5500     | 170.560| 2.318   |
|      06454|GRB 971029-|04 27.5|-44 58|1997-10-29 06:13:48.9|  2.1404|  0.2349     | 616.256| 5.124   |
|      06531|GRB 971212 |20 26.8|-44 57|1997-12-12 22:17:26.5|  0.9763|  0.2238     |  16.064| 1.319   |
|      06671|GRB 980331-|12 45.4|-44 56|1998-03-31 16:57:55.1|  6.7160|  0.3076     |   0.256| 0.091   |
|      00160|4B 910507  |19 58.2|-44 53|1991-05-07 14:31:15.8|  4.2100|  0.4110     |  17.024| 1.374   |
|      01606|4B 920513  |14 04.6|-44 46|1992-05-13 16:52:59.1|  8.5390|  0.4220     |  88.576| 0.286   |
|      03906|4B 951113  |23 40.4|-44 46|1995-11-13 23:25:55.8|  2.5180|  0.2250     |  20.736| 3.662   |
|      05503|4B 960617- |20 40.4|-44 43|1996-06-17 03:38:58.6|  0.6410|  0.1670     | 200.032| 8.637   |
|      08080|GRB 000420-|09 16.2|-44 40|2000-04-20 01:22:56.4|        |             |        |         |
|      01700|4B 920714- |09 21.4|-44 38|1992-07-14 20:23:26.8|  1.1250|  0.2240     |  23.744| 5.443   |
|      05602|GRB 960912-|13 10.4|-44 38|  1996-09-12 23:53:05|        |             |        |         |
|      01815|4B 920814- |17 14.7|-44 38|1992-08-14 06:09:53.8|  4.3450|  0.3810     |  19.776| 0.466   |
|      02405|4B 930621- |13 24.8|-44 37|  1993-06-21 01:46:58|  1.2130|  0.2210     |  64.014| 9.926   |
|      07657|GRB 990716-|22 29.0|-44 37|1999-07-16 06:28:34.2|  2.7890|  0.2414     |  51.840| 1.032   |
|      06153|GRB 970403-|04 52.7|-44 36|1997-04-03 00:00:14.7|  1.5990|  0.2140     |   1.344| 0.326   |
|      07206|GRB 981110 |11 15.8|-44 36|  1998-11-10 22:52:39|  1.1276|  0.1898     |  20.544| 6.618   |
|      02191|4B 930214- |18 51.3|-44 31|1993-02-14 07:36:55.2|  1.1040|  0.2940     |  25.280| 3.051   |
|      02353|4B 930526  |05 43.4|-44 21|  1993-05-26 20:32:34|  1.3770|  0.2540     |   1.008| 0.040   |
|      06206|GRB 970424-|17 46.4|-44 20|1997-04-24 08:06:51.2|  3.5968|  0.2582     |   6.464| 1.921   |
|      02640|4B 931117  |23 16.0|-44 08|  1993-11-17 21:55:49|  1.2940|  0.2190     |  25.984| 2.503   |
|      02678|4B 931205- |16 28.5|-43 57|1993-12-05 10:42:55.8|        |             |        |         |
|      07352|GRB 990126-|04 10.9|-43 56|1999-01-26 06:45:03.4|  0.8007|  0.3046     |        |         |
|      02995|4B 940527- |01 58.2|-43 50|1994-05-27 13:01:24.1|  4.0860|  0.3540     |   0.704| 0.136   |
|      00493|4B 910706  |17 06.5|-43 41|  1991-07-06 05:04:49|  1.2830|  0.2490     |   4.864| 1.581   |
|      07270|GRB 981219 |14 35.6|-43 37|1998-12-19 09:25:48.4|  1.5567|  0.1997     |        |         |
|      00491|4B 910705- |14 39.2|-43 35|1991-07-05 19:34:19.6|  0.6120|  0.2710     |   0.100| 0.059   |
|      01659|4B 920620- |05 56.0|-43 25|1992-06-20 18:13:13.2|  1.0870|  0.2960     |   0.768| 0.143   |
|      03919|4B 951124- |07 48.7|-43 22|1995-11-24 10:48:53.1|  1.2110|  0.1780     |   0.132| 0.029   |
|      02434|4B 930708- |15 58.0|-43 20|1993-07-08 12:18:03.8|  0.6780|  0.2060     |   0.320| 0.091   |
|      07358|GRB 990128-|21 17.0|-43 11|1999-01-28 11:17:47.9|  0.9807|  0.2073     |  36.480| 4.908   |
|      02700|4B 931221- |06 04.1|-43 10|1993-12-21 02:09:50.2|  4.1720|  0.3530     |  57.920| 0.543   |
|      07568|GRB 990516-|17 44.0|-43 04|1999-05-16 23:24:15.2|  0.6975|  0.1909     |  18.560| 2.721   |
|      02083|4B 921207- |20 25.3|-42 56|1992-12-07 16:00:47.9| 46.5540|  0.9240     |  15.168| 0.231   |
|      01200|4B 911221  |14 23.3|-42 43|1991-12-21 22:03:25.7|  1.3750|  0.2390     |  27.712| 2.382   |
|      07969|GRB 000126-|21 50.4|-42 40|2000-01-26 08:15:51.4|  3.4891|  0.2811     |  22.144| 1.346   |
|      06762|GRB 980518-|10 48.2|-42 29|1998-05-18 06:47:21.2|  2.8460|  0.2482     |   7.488| 0.231   |
|      07862|GRB 991117 |13 48.2|-42 29|1999-11-17 21:46:13.1|  1.1077|  0.2018     |  16.704| 5.396   |
|      06774|GRB 980523 |13 14.8|-42 24|1998-05-23 00:47:01.9|  1.0896|  0.2204     |   6.528| 2.009   |
|      05646|GRB 961027-|04 29.5|-42 23|1996-10-27 11:44:07.4|  1.0743|  0.1973     | 109.248| 7.068   |
|      05992|GRB 970201-|11 52.6|-42 21|1997-02-01 22:25:35.2|  2.4637|  0.2090     |   0.051| 0.029   |
|      07187|GRB 981103 |01 46.4|-42 14|1998-11-03 13:40:25.8|  5.8337|  0.2999     |   2.070| 1.408   |
|      07616|GRB 990622-|03 20.9|-42 13|1999-06-22 16:05:09.2|  1.6104|  0.1899     |        |         |
|      07532|GRB 990425-|03 55.2|-42 08|1999-04-25 10:52:30.3|  0.5348|  0.1775     |  39.296| 4.409   |
|      07639|GRB 990708-|17 59.4|-42 08|1999-07-08 20:33:51.2|  1.4038|  0.1960     |        |         |
|      03075|4B 940714- |22 14.3|-42 06|1994-07-14 12:54:21.6|  2.4690|  0.3080     |  43.584| 1.032   |
|      01625|4B 920525- |19 58.5|-42 03|1992-05-25 03:27:01.7| 28.0610|  0.7440     |  16.128| 0.091   |
|      07610|GRB 990619 |14 53.2|-42 02|1999-06-19 13:02:02.1|        |             |        |         |
|      04745|4B 960205- |07 20.4|-41 59|  1996-02-05 09:34:49|  1.6800|  0.2630     | 259.488| 0.516   |
|      06158|GRB 970404-|14 25.1|-41 47|1997-04-04 20:06:04.5|  1.2269|  0.2040     |   8.576| 1.635   |
|      01634|4B 920605  |19 18.6|-41 42|1992-06-05 17:05:49.5|  2.3650|  0.3180     |   1.408| 0.181   |
|      06123|GRB 970315-|23 30.5|-41 42|1997-03-15 08:21:08.2| 12.8343|  0.4166     |   0.186| 0.042   |
|      02282|4B 930403  |02 51.7|-41 37|1993-04-03 12:29:25.8|        |             |        |         |
|      02569|4B 931008- |18 40.4|-41 33|1993-10-08 00:44:59.7|  1.1580|  0.2470     |  23.680| 1.675   |
|      07060|GRB 980903 |09 19.6|-41 32|1998-09-03 03:35:03.5|  3.6880|  0.2671     |   0.146| 0.074   |
|      05593|GRB 960906-|04 20.4|-41 28|1996-09-06 22:39:48.9|  4.2283|  0.2761     |  76.416|13.312   |
|      02347|4B 930519  |01 47.4|-41 28|1993-05-19 16:13:53.2|  0.7830|  0.2320     |  12.160| 2.063   |
|      07233|GRB 981127 |10 22.0|-41 25|1998-11-27 15:10:42.4|  1.1585|  0.2080     |        |         |
|      03810|4B 950920  |23 22.8|-41 25|1995-09-20 18:04:46.4|  2.2530|  0.2510     |   0.076| 0.013   |
|      08116|GRB 000524 |07 16.8|-41 22|2000-05-24 00:09:05.5|  3.5130|  0.2476     |  49.984| 0.792   |
|      02977|4B 940515- |22 46.6|-41 22|1994-05-15 02:02:10.9|  2.6420|  0.2780     |   0.576| 0.091   |
|      07601|GRB 990610-|04 09.4|-41 15|1999-06-10 12:25:47.5|  2.1264|  0.2251     |   0.276| 0.070   |
|      07443|GRB 990303-|22 03.7|-41 15|1999-03-03 09:02:49.1|  1.2660|  0.2266     |        |         |
|      02394|4B 930614- |02 13.2|-41 02|1993-06-14 16:34:37.1|  1.1820|  0.2330     | 140.064| 6.004   |
|      07950|GRB 000114-|10 10.0|-41 02|2000-01-14 12:25:45.7|        |             |        |         |
|      02797|4B 940203  |12 16.6|-40 57|1994-02-03 15:46:56.1|  8.5940|  0.4330     |   8.832| 0.202   |
|      03093|4B 940722  |18 41.4|-40 55|1994-07-22 08:18:24.6|  2.3060|  0.3040     |  89.344| 1.236   |
|      02453|4B 930721- |19 54.3|-40 47|1993-07-21 12:45:35.3|  1.7900|  0.2580     |  10.112| 2.631   |
|      07433|GRB 990228-|11 30.2|-40 44|1999-02-28 04:20:47.2|  0.9197|  0.1898     |  39.936| 6.478   |
|      03709|4B 950726  |00 50.2|-40 43|1995-07-26 14:19:38.3|        |             |   4.288| 0.643   |
|      06328|GRB 970807-|14 58.8|-40 43|1997-08-07 08:18:12.3|  0.7185|  0.1743     |  72.128| 3.851   |
|      02429|4B 930705- |18 52.3|-39 14|1993-07-05 12:39:08.2|  1.4670|  0.2390     |  86.240| 4.409   |
|      03912|4B 951119- |20 25.8|-40 43|1995-11-19 08:17:12.1|  4.2490|  0.2610     |  26.048| 1.286   |
|      02131|4B 930113- |22 47.0|-40 37|1993-01-13 06:05:45.5|        |             |        |         |
|      02211|4B 930301  |19 44.8|-40 26|1993-03-01 15:36:54.1|  1.6360|  0.2610     |  84.224| 0.630   |
|      01384|4B 920210- |21 15.1|-40 26|  1992-02-10 02:15:55|  1.5900|  0.3490     |  49.152| 2.073   |
|      02800|4B 940207- |13 34.4|-40 21|1994-02-07 10:00:52.6|  0.9790|  0.2380     |   0.448| 0.231   |
|      07390|GRB 990216 |18 19.8|-40 20|1999-02-16 06:29:45.6|  2.2565|  0.2416     |  76.416| 7.940   |
|      06566|GRB 980110 |18 00.0|-40 19|1998-01-10 19:24:31.3|  1.1711|  0.1913     |  87.616| 4.544   |
|      02683|4B 931208- |15 36.4|-40 17|1993-12-08 09:34:40.8|        |             |        |         |
|      04660|4B 960130  |20 23.3|-40 16|1996-01-30 02:25:58.7|  5.1490|  0.2950     |   1.168| 0.080   |
|      06645|GRB 980315-|00 01.9|-40 13|1998-03-15 20:38:04.4|  2.6515|  0.2474     |   0.036| 0.008   |
|      02327|4B 930503- |00 21.5|-40 13|1993-05-03 20:46:03.9|  0.5150|  0.2740     |   2.496| 1.988   |
|      06277|GRB 970623 |18 38.0|-40 11|1997-06-23 05:23:21.5|        |             |        |         |
|      02634|4B 931114  |01 56.2|-39 58|1993-11-14 05:13:15.2|  1.4670|  0.2640     |  58.656| 1.846   |
|      03101|4B 940728- |05 42.0|-39 52|1994-07-28 23:58:54.1|  2.6340|  0.3340     |  37.376| 3.137   |
|      05603|GRB 960913-|09 09.5|-39 52|1996-09-13 04:03:34.2|  1.4783|  0.1930     |  51.968| 3.203   |
|      02297|4B 930409- |11 47.6|-39 45|1993-04-09 21:25:40.4|        |             |        |         |
|      01517|4B 920324  |10 35.8|-39 40|1992-03-24 20:54:27.4|        |             |        |         |
|      00829|4B 910927- |03 20.6|-39 39|1991-09-27 23:26:52.8|  6.9310|  0.3970     |  17.344| 0.779   |
|      02149|4B 930127- |20 43.8|-39 38|1993-01-27 16:14:25.9|  1.6140|  0.2390     |  80.128| 0.634   |
|      02049|4B 921111- |03 27.7|-39 32|1992-11-11 09:23:09.1|  2.8360|  0.2990     |   0.128| 0.143   |
|      08120|GRB 000525 |18 40.9|-39 26|2000-05-25 10:24:13.7|  2.1139|  0.2156     |   1.408| 0.091   |
|      07378|GRB 990208-|19 44.4|-39 24|1999-02-08 04:12:44.9|  5.2576|  0.3389     |   1.247| 0.077   |
|      03736|4B 950805- |05 19.4|-39 23|1995-08-05 03:44:14.5| 26.7450|  0.5740     |   0.560| 0.125   |
|      02757|4B 940114- |22 42.3|-39 17|1994-01-14 05:37:54.1|  1.5030|  0.2530     |   0.064| 0.091   |
|      08100|GRB 000509 |22 56.8|-39 16|2000-05-09 22:36:50.8|        |             |        |         |
|      03058|4B 940703- |14 01.1|-39 11|1994-07-03 13:26:03.6|        |             |        |         |
|      03324|4B 941222  |01 52.9|-39 10|1994-12-22 07:32:26.9|  0.6010|  0.1940     |  37.824| 7.380   |
|      02913|4B 940406  |15 01.8|-39 06|1994-04-06 01:10:54.2|  5.7380|  0.3680     |  22.912| 1.463   |
|      05501|4B 960616- |11 13.8|-38 58|1996-06-16 13:15:03.2|  1.6870|  0.2120     |   0.384| 0.091   |
|      02070|4B 921128  |19 38.0|-38 58|1992-11-28 10:24:52.1|  0.8580|  0.2300     |  55.232| 3.096   |
|      07606|GRB 990614 |07 26.7|-38 55|1999-06-14 14:20:46.2|  0.5645|  0.1819     |  49.600| 6.355   |
|      02585|4B 931014- |03 51.4|-38 53|1993-10-14 11:56:04.6|  0.6830|  0.2220     |   0.832| 0.091   |
|      06186|GRB 970416 |20 37.0|-38 53|1997-04-16 22:12:36.7|  1.4444|  0.2024     |  16.192| 6.785   |
|      07748|GRB 990901 |04 25.5|-38 48|1999-09-01 03:52:31.2|        |             |        |         |
|      06649|GRB 980320 |15 05.4|-38 47|1998-03-20 00:18:31.3|  1.0366|  0.2056     |  16.448| 6.528   |
|      05642|GRB 961022-|10 38.5|-38 46|1996-10-22 19:00:56.1|  3.9772|  0.2554     |        |         |
|      06329|GRB 970807-|19 17.8|-38 42|1997-08-07 18:25:09.1|  7.8381|  0.3543     |  37.632| 0.979   |
|      07575|GRB 990518-|22 53.3|-38 41|1999-05-18 17:18:45.5| 19.7903|  0.5212     |  39.808| 0.668   |
|      06697|GRB 980421-|23 40.3|-38 41|1998-04-21 19:35:18.5|  2.1000|  0.2218     |   1.216| 0.143   |
|      04649|4B 960129- |06 02.9|-38 36|1996-01-29 07:35:45.6|        |             |        |         |
|      06539|GRB 971220-|02 12.9|-38 33|1997-12-20 04:06:33.8|  2.0833|  0.2480     |  13.632| 2.241   |
|      06866|GRB 980624-|11 39.6|-38 31|1998-06-24 10:02:45.9|  1.8520|  0.2500     |   0.384| 0.091   |
|      06462|GRB 971104 |19 23.4|-38 31|1997-11-04 20:28:39.5|  2.5060|  0.2403     |   0.256| 0.143   |
|      02508|4B 930901  |10 33.1|-38 22|1993-09-01 01:28:12.7|  0.6950|  0.2380     |  29.184| 1.270   |
|      06598|GRB 980213-|15 56.8|-38 22|1998-02-13 00:17:44.2|  1.4430|  0.2101     |  17.472| 2.248   |
|      02922|4B 940412  |14 28.7|-38 21|  1994-04-12 01:40:31|  3.0200|  0.3000     | 160.768| 0.466   |
|      06284|GRB 970628-|19 53.9|-38 15|1997-06-28 14:05:16.6|  1.2604|  0.2154     |   0.208| 0.087   |
|      02506|4B 930829  |21 09.0|-38 13|1993-08-29 23:38:40.7|        |             |        |         |
|      06639|GRB 980313-|19 04.0|-38 10|1998-03-13 01:11:14.9|        |             |        |         |
|      07521|GRB 990416 |07 25.2|-38 08|1999-04-16 17:05:20.6|        |             |   6.656| 1.286   |
|      03278|4B 941110- |08 15.2|-38 08|1994-11-10 04:44:24.6|  0.7510|  0.1870     |   1.408| 7.648   |
|      07727|GRB 990822-|07 26.3|-38 04|1999-08-22 12:03:35.8|  2.3009|  0.2249     |  23.616| 1.729   |
|      06239|GRB 970523-|02 37.8|-38 03|1997-05-23 12:29:50.2|        |             |        |         |
|      01806|4B 920812- |07 40.9|-37 55|1992-08-12 20:59:27.7|  0.6760|  0.2250     |  31.232| 1.145   |
|      02346|4B 930518  |23 16.7|-37 31|1993-05-18 03:20:25.7|  3.2240|  0.3120     |  83.104| 1.056   |
|      02442|4B 930711- |14 06.5|-37 23|1993-07-11 15:10:35.2|  0.5940|  0.2050     |  23.680| 0.792   |
|      02403|4B 930620  |03 56.0|-37 17|1993-06-20 08:54:06.7|        |             |        |         |
|      07357|GRB 990128-|17 58.6|-37 06|  1999-01-28 09:27:38|  0.9967|  0.2138     |  52.672|17.438   |
|      02314|4B 930423  |10 32.9|-37 03|1993-04-23 13:16:19.2|        |             |        |         |
|      06101|GRB 970224 |04 21.1|-37 02|1997-02-24 05:01:27.6|  1.4027|  0.2227     |  26.240| 1.639   |
|      01604|4B 920511- |01 37.3|-37 01|  1992-05-11 22:28:32|  0.6310|  0.2250     |  28.800| 3.727   |
|      02277|4B 930331- |03 20.5|-36 50|1993-03-31 08:15:30.4|  1.3280|  0.2420     |  69.504| 1.684   |
|      05589|GRB 960830 |08 40.0|-36 48|1996-08-30 06:37:26.6|  0.7723|  0.1723     | 130.240| 3.567   |
|      02219|4B 930305- |02 43.7|-36 41|1993-03-05 07:11:37.3|  1.9590|  0.2620     |  11.200| 1.909   |
|      06102|GRB 970226-|22 22.0|-36 40|1997-02-26 09:25:11.5|  0.6890|  0.1802     |  60.480| 7.431   |
|      06447|GRB 971023-|12 45.8|-36 36|1997-10-23 11:58:31.6|  1.4393|  0.2009     |   1.024| 0.143   |
|      03071|4B 940710- |06 25.7|-36 35|1994-07-10 09:55:29.1|  1.1750|  0.2480     |  71.328| 1.118   |
|      00394|4B 910619  |01 24.7|-36 34|1991-06-19 14:14:32.8|  5.1050|  0.3760     | 106.112| 2.057   |
|      01473|4B 920311  |08 39.0|-36 34|  1992-03-11 02:20:24| 25.3140|  0.7000     |        |         |
|      01698|4B 920714- |14 21.9|-36 26|1992-07-14 13:04:29.3|        |             |  28.416| 0.286   |
|      03220|4B 941006  |13 54.2|-36 22|1994-10-06 13:04:54.4|  0.8000|  0.1730     | 100.448| 7.621   |
|      05706|GRB 961206 |01 52.4|-36 20|1996-12-06 04:45:28.1|  1.2478|  0.2052     | 152.000| 6.803   |
|      06824|GRB 980614 |07 45.6|-36 17|1998-06-14 08:50:54.8|  4.3764|  0.3359     |  10.176| 1.404   |
|      01740|4B 920803- |08 58.8|-36 07|1992-08-03 16:53:44.6|  1.0040|  0.2430     |  63.616| 4.409   |
|      03336|4B 941230- |11 30.9|-36 07|  1994-12-30 20:53:14|  1.4720|  0.1870     | 152.800| 1.056   |
|      08101|GRB 000511-|22 05.0|-36 07|  2000-05-11 01:12:00|  1.8470|  0.2146     | 115.008| 4.191   |
|      01612|4B 920519- |23 41.0|-36 05|1992-05-19 00:35:21.1|        |             |        |         |
|      00680|4B 910815  |09 31.1|-36 03|1991-08-15 09:30:47.3|  0.8760|  0.2130     |  10.944| 1.012   |
|      02372|4B 930605- |10 44.4|-36 01|1993-06-05 02:14:48.5|  1.2570|  0.2360     |   0.256| 0.103   |
|      01570|4B 920428  |20 13.6|-35 59|1992-04-28 11:17:48.8|        |             |        |         |
|      04095|4B 951224  |15 05.4|-35 52|  1995-12-24 01:54:01|  1.3480|  0.4550     |   4.512| 1.175   |
|      00603|4B 910802- |05 25.8|-35 50|1991-08-02 00:45:16.3|  7.5000|  0.5660     |   1.472| 0.272   |
|      05666|GRB 961111-|11 42.8|-35 47|1996-11-11 13:30:45.3|        |             |        |         |
|      03929|4B 951202  |21 52.2|-35 46|1995-12-02 10:51:40.1|  4.3580|  0.2570     |  28.544| 4.033   |
|      00799|4B 910916  |02 10.2|-35 39|1991-09-16 16:31:50.6|  2.3910|  0.2730     |   0.173| 0.008   |
|      05623|GRB 961004 |05 22.4|-35 33|1996-10-04 18:58:34.6|        |             |        |         |
|      06372|GRB 970908-|22 49.5|-35 31|  1997-09-08 12:27:06|  1.9264|  0.2141     |   0.768| 0.143   |
|      02774|4B 940120- |06 46.0|-35 30|1994-01-20 10:43:31.6|  0.8010|  0.2310     |  55.136| 3.430   |
|      00269|4B 910604  |01 57.9|-35 15|1991-06-04 21:00:54.5|  1.5740|  0.2510     |        |         |
|      03523|4B 950425  |10 52.6|-35 15|1995-04-25 00:15:19.2| 21.8060|  0.5300     |  59.072| 0.143   |
|      03892|4B 951102- |12 38.6|-35 14|1995-11-02 07:58:16.5|  1.8550|  0.2010     |   3.904| 0.181   |
|      02316|4B 930425- |01 12.0|-35 11|  1993-04-25 10:17:30|  4.0410|  0.3620     |  29.184| 0.286   |
|      05484|4B 960602  |18 10.9|-35 11|  1996-06-02 03:59:43|  2.9510|  0.2390     |  64.576| 8.832   |
|      01008|4B 911106- |22 52.1|-35 10|1991-11-06 03:42:00.8|  4.9850|  0.3640     |        |         |
|      01576|4B 920501  |08 13.7|-35 00|1992-05-01 21:18:14.6|        |             |        |         |
|      03799|4B 950914- |03 51.4|-34 57|  1995-09-14 19:40:21|  1.7870|  0.2230     |   0.096| 0.129   |
|      03339|4B 950102- |02 36.3|-34 56|1995-01-02 02:45:26.6|  0.7120|  0.1580     |  51.680| 5.044   |
|      03350|4B 950110  |15 54.6|-34 44|1995-01-10 18:48:09.6|  1.2850|  0.2090     |  13.056| 6.272   |
|      01515|4B 920323  |22 31.6|-34 40|1992-03-23 17:38:55.7|  0.9730|  0.2300     |  70.720| 3.414   |
|      03138|4B 940826  |06 14.4|-34 38|1994-08-26 20:55:20.2| 16.8330|  0.6140     |   5.184| 0.091   |
|      05569|4B 960810- |12 21.2|-34 36|1996-08-10 06:49:31.6|  0.8780|  0.1800     |  24.832| 1.807   |
|      00218|4B 910521- |14 26.6|-34 31|1991-05-21 21:14:13.2|  0.9780|  0.2460     |   1.173| 0.069   |
|      07734|GRB 990824-|09 07.7|-31 30|1999-08-24 03:57:10.3|  1.2241|  0.1991     |   0.894| 0.493   |
|      06519|GRB 971204 |13 03.3|-34 31|1997-12-04 04:33:54.9|  0.7718|  0.2004     | 131.008|52.992   |
|      01510|4B 920321- |13 15.4|-34 21|1992-03-21 23:35:00.3|        |             |        |         |
|      03068|4B 940709  |04 48.1|-34 10|1994-07-09 11:23:20.1|  0.8810|  0.2330     |   4.096| 0.320   |
|      03163|4B 940910- |22 08.0|-34 07|1994-09-10 19:31:24.5|        |             |  25.088| 1.203   |
|      01221|4B 911225- |16 53.2|-34 06|1991-12-25 17:08:37.5|  0.9690|  0.2760     |   6.080| 0.572   |
|      07427|GRB 990225-|13 42.6|-34 05|  1999-02-25 15:03:54|  8.5673|  0.3467     |   0.399| 0.395   |
|      02271|4B 930328  |19 39.5|-34 04|1993-03-28 06:19:55.6|  2.7260|  0.3150     |        |         |
|      03306|4B 941128- |01 18.3|-33 57|1994-11-28 18:41:26.7|  3.4960|  0.2440     | 108.512| 1.361   |
|      02003|4B 921023- |09 06.5|-33 57|1992-10-23 19:14:44.9|  1.6340|  0.2460     |   0.522| 0.180   |
|      05606|GRB 960917 |20 55.5|-33 53|1996-09-17 22:22:32.9|  2.5962|  0.2399     |  93.248| 7.196   |
|      00214|4B 910521- |07 15.7|-33 45|1991-05-21 05:14:37.1|  0.9820|  0.2510     |  45.696| 4.524   |
|      07885|GRB 991129-|02 34.1|-33 42|1999-11-29 08:06:51.4|  0.6965|  0.1855     | 224.192|36.173   |
|      02899|4B 940330- |12 55.2|-33 38|  1994-03-30 20:44:40|        |             |        |         |
|      02278|4B 930331- |06 28.7|-33 35|1993-03-31 16:06:51.2|        |             |        |         |
|      02068|4B 921123- |10 54.8|-33 35|1992-11-23 12:56:23.7| 15.6370|  0.5950     |   0.591| 0.060   |
|      01526|4B 920330  |23 08.5|-33 29|1992-03-30 10:33:04.9|        |             |        |         |
|      00795|4B 910914  |11 21.2|-33 24|1991-09-14 09:39:57.7|  1.3530|  0.2660     |  58.432| 1.506   |
|      07298|GRB 990104-|12 46.8|-33 24|1999-01-04 02:13:49.9|  2.0570|  0.2569     |  18.944| 2.405   |
|      07663|GRB 990720 |00 47.2|-33 22|1999-07-20 21:05:40.3|  7.5884|  0.3281     |   0.945| 0.086   |
|      03914|4B 951120- |09 07.6|-33 11|1995-11-20 03:24:10.8|  0.4990|  0.1680     |  54.432| 4.522   |
|      06314|GRB 970720 |15 18.8|-33 10|1997-07-20 22:26:26.1|  1.0162|  0.2709     |   6.656| 0.516   |
|      02452|4B 930721- |05 14.6|-33 09|1993-07-21 01:17:22.5|  1.1780|  0.2270     |  22.976| 1.180   |
|      06315|GRB 970723 |07 37.8|-33 06|1997-07-23 05:10:51.9|  2.2299|  0.2603     |  37.248| 9.220   |
|      02044|4B 921109  |14 13.8|-33 04|1992-11-09 19:40:09.2|  0.7490|  0.2030     |   6.400| 4.487   |
|      02279|4B 930401- |15 55.6|-33 02|1993-04-01 01:14:05.8|  7.0020|  0.4220     |        |         |
|      06563|GRB 980108 |20 44.0|-20 57|1998-01-08 18:42:07.5|        |             |        |         |
|      03299|4B 941126- |05 28.6|-32 59|1994-11-26 16:54:21.6|  1.1300|  0.1900     |        |         |
|      01649|4B 920615- |23 33.2|-32 50|1992-06-15 09:53:08.1|        |             |   0.617| 0.013   |
|      00559|4B 910721- |20 55.8|-32 49|1991-07-21 03:21:41.2|  0.4750|  0.2340     |  34.176| 4.296   |
|      00414|4B 910622  |00 33.8|-32 48|1991-06-22 16:34:03.5|  1.0510|  0.2280     |  15.552| 6.538   |
|      03384|4B 950130  |03 46.6|-32 45|1995-01-30 21:12:40.2|  1.5620|  0.1890     |   0.056| 0.028   |
|      05580|4B 960818  |05 05.6|-32 45|1996-08-18 16:02:40.5|        |             |        |         |
|      07591|GRB 990530 |01 03.0|-32 40|1999-05-30 16:03:28.9|        |             |        |         |
|      02122|4B 930106- |08 19.2|-32 37|1993-01-06 19:57:15.3|  1.9940|  0.2830     | 120.640| 6.235   |
|      03301|4B 941126- |07 36.7|-32 35|1994-11-26 19:56:38.2|  2.9790|  0.2290     |  36.096| 1.408   |
|      05339|4B 960325- |03 13.7|-32 34|1996-03-25 19:24:53.1|  7.7760|  0.3350     |   0.832| 0.091   |
|      02233|4B 930311  |08 27.6|-32 23|1993-03-11 05:56:38.1|  0.4980|  0.2100     |  14.208| 4.222   |
|      02894|4B 940328  |06 28.7|-32 21|1994-03-28 12:05:34.2|  9.2130|  0.4920     |   3.776| 0.405   |
|      06600|GRB 980214-|23 39.2|-32 21|1998-02-14 06:27:20.9|  3.3470|  0.2438     |   6.976| 1.282   |
|      02368|4B 930602- |14 31.9|-32 20|1993-06-02 19:24:52.7|  0.6430|  0.2480     |   4.135| 0.954   |
|      07966|GRB 000123-|23 42.8|-32 19|2000-01-23 17:30:24.9|        |             |        |         |
|      06992|GRB 980815 |14 03.8|-32 13|1998-08-15 21:21:57.5|        |             |        |         |
|      06592|GRB 980208-|05 04.0|-32 12|1998-02-08 12:33:23.2|  1.1549|  0.2042     |  25.664| 2.405   |
|      06961|GRB 980802-|16 50.6|-32 10|  1998-08-02 08:01:15|        |             |        |         |
|      03436|4B 950221- |19 37.2|-32 09|1995-02-21 20:45:05.6|  3.8900|  0.2780     |  40.000| 0.746   |
|      03076|4B 940714- |16 45.4|-32 05|1994-07-14 16:48:02.2|  1.5380|  0.2690     |  84.160| 1.833   |
|      02536|4B 930922- |10 58.6|-32 05|1993-09-22 05:16:56.7|  1.1430|  0.2590     |   0.128| 0.091   |
|      00734|4B 910828  |02 53.5|-32 04|1991-08-28 08:16:59.6|  1.0080|  0.2300     |   1.792| 0.231   |
|      06302|GRB 970712 |01 19.1|-32 03|1997-07-12 12:55:07.7|        |             |        |         |
|      02349|4B 930521  |13 32.6|-31 53|1993-05-21 02:42:36.3|  0.5910|  0.2330     |   4.032| 0.143   |
|      06444|GRB 971022 |15 55.7|-31 52|1997-10-22 11:52:53.2|  0.6998|  0.1923     |  44.928| 3.482   |
|      05444|4B 960423  |13 17.8|-31 31|1996-04-23 12:12:44.7|        |             |        |         |
|      02103|4B 921219  |22 23.9|-31 28|1992-12-19 13:40:23.1|  1.5110|  0.2460     |   1.024| 0.405   |
|      02392|4B 930613  |21 04.9|-31 25|1993-06-13 22:16:03.5|  0.6480|  0.2400     |  20.480| 5.638   |
|      03740|4B 950806- |18 11.0|-31 21|1995-08-06 00:14:08.6|  0.7360|  0.1800     |  97.344| 4.935   |
|      03108|4B 940806- |18 24.8|-31 20|1994-08-06 04:38:48.8|        |             |        |         |
|      06943|GRB 980724-|08 31.0|-31 19|1998-07-24 12:28:18.8|  3.3984|  0.2672     |        |         |
|      01156|4B 911209- |03 04.4|-31 18|1991-12-09 16:22:42.5|  0.8180|  0.2430     | 189.056| 3.238   |
|      06301|GRB 970709-|21 03.6|-31 18|1997-07-09 13:31:08.8|  1.5133|  0.2344     |   0.960| 0.091   |
|      04959|4B 960221  |03 11.1|-31 14|1996-02-21 05:21:47.2|  0.7100|  0.1840     |  31.328| 4.868   |
|      03039|4B 940622  |19 58.3|-31 14|1994-06-22 13:18:16.7|  9.0480|  0.4180     |   3.635| 0.080   |
|      05669|GRB 961115 |03 54.5|-31 08|1996-11-15 00:55:06.7|  1.3139|  0.2370     |        |         |
|      06419|GRB 971009-|17 03.8|-31 04|1997-10-09 08:13:59.4|  0.8524|  0.2034     |  25.920| 3.605   |
|      06621|GRB 980301-|06 34.2|-31 02|1998-03-01 08:58:54.6|  6.8452|  0.3356     |  43.456| 1.257   |
|      03243|4B 941016  |01 51.2|-31 02|1994-10-16 08:19:54.9|        |             |        |         |
|      07814|GRB 991021 |23 05.1|-30 55|1999-10-21 01:58:41.5|  1.3026|  0.1971     |        |         |
|      05504|4B 960617- |10 44.6|-30 54|1996-06-17 21:09:56.3|  2.7550|  0.2480     |   7.680| 3.009   |
|      06083|GRB 970211-|06 22.4|-30 52|1997-02-11 03:38:15.6|  2.2208|  0.2195     |  21.440| 1.159   |
|      02041|4B 921102- |08 57.7|-30 46|1992-11-02 23:00:08.4|  3.2690|  0.3140     |   5.440| 1.985   |
|      06918|GRB 980712-|00 19.4|-30 44|1998-07-12 21:06:07.1|        |             |        |         |
|      06491|GRB 971122-|07 55.5|-30 43|1997-11-22 14:40:42.7|        |             |   2.048| 1.448   |
|      06104|GRB 970227-|21 31.2|-30 40|1997-02-27 09:07:38.8|  0.8881|  0.1652     |  11.904| 1.223   |
|      05536|4B 960710  |23 05.9|-30 40|1996-07-10 10:44:46.7|  2.0640|  0.2190     |   0.048| 0.011   |
|      02123|4B 930108  |06 18.5|-30 26|  1993-01-08 02:28:55|  2.2850|  0.2680     |  21.952| 0.979   |
|      06355|GRB 970902-|04 59.0|-30 25|  1997-09-02 10:10:20|  0.7774|  0.2050     |  29.184| 2.841   |
|      06695|GRB 980421-|11 23.6|-30 25|1998-04-21 01:20:05.3|  0.5991|  0.2199     |  35.776| 2.757   |
|      02993|4B 940526- |05 21.6|-30 23|1994-05-26 10:55:26.8|  4.2550|  0.3540     |  44.800| 1.090   |
|      07619|GRB 990625 |00 24.2|-30 19|1999-06-25 00:24:33.3|  0.8953|  0.2289     |  41.728|10.864   |
|      00803|4B 910918  |19 53.1|-30 14|  1991-09-18 00:28:42|  1.3270|  0.2750     |   7.232| 0.345   |
|      03051|4B 940628  |17 04.0|-30 11|1994-06-28 05:05:40.1|  1.1410|  0.2600     |   0.136| 0.017   |
|      05625|GRB 961006-|06 57.3|-30 04|1996-10-06 19:11:16.7|        |             |        |         |
|      02204|4B 930219- |03 53.2|-30 03|1993-02-19 08:29:57.8|  0.8800|  0.2330     |  23.040| 2.073   |
|      08076|GRB 000415-|13 17.6|-29 59|2000-04-15 16:38:21.2|  2.7194|  0.2286     |   0.218| 0.067   |
|      01485|4B 920315- |13 28.0|-29 59|1992-03-15 11:18:33.8|  0.5970|  0.2040     |        |         |
|      07432|GRB 990227 |12 00.3|-29 57|  1999-02-27 18:06:01|  0.5554|  0.1677     |  15.680| 4.284   |
|      02828|4B 940216  |02 42.7|-29 56|1994-02-16 03:32:47.6|  1.1100|  0.2680     |   0.581| 0.130   |
|      02682|4B 931208- |13 14.9|-29 56|1993-12-08 04:37:19.6|        |             |        |         |
|      03035|4B 940619  |19 56.2|-29 53|1994-06-19 21:31:20.6|  6.2240|  0.4000     |  88.448| 0.500   |
|      07617|GRB 990622-|05 17.7|-29 44|1999-06-22 20:47:30.6|  1.5237|  0.2388     |  48.832| 5.850   |
|      04368|4B 960114  |14 24.8|-29 44|1996-01-14 12:15:04.8| 58.6040|  0.8250     |  36.480| 0.091   |
|      06708|GRB 980426-|13 46.9|-29 42|1998-04-26 10:49:18.3|  2.2862|  0.2238     |  12.160| 1.537   |
|      06220|GRB 970504-|10 58.6|-29 38|1997-05-04 12:54:51.3|        |             |        |         |
|      03127|4B 940816  |13 13.2|-29 37|1994-08-16 10:44:46.4|  0.6550|  0.2190     |  13.088| 1.056   |
|      01413|4B 920218- |08 50.2|-29 35|1992-02-18 06:41:24.4|  1.3740|  0.2450     |        |         |
|      05305|4B 960322- |11 50.1|-29 34|1996-03-22 12:29:23.5|  1.3210|  0.2030     |  31.584| 4.533   |
|      05631|GRB 961014 |22 10.9|-29 33|1996-10-14 00:08:27.6|  1.5180|  0.2368     |        |         |
|      07760|GRB 990909 |01 54.1|-29 28|1999-09-09 07:51:14.4|        |             |        |         |
|      01223|4B 911226  |07 25.2|-29 28|1991-12-26 03:36:41.5|  1.1670|  0.2360     |   0.974| 0.451   |
|      05492|4B 960610  |21 53.0|-29 21|  1996-06-10 21:23:03|  1.1170|  0.1940     | 148.480| 1.590   |
|      06307|GRB 970714-|00 25.2|-29 20|1997-07-14 10:46:57.6|  1.8860|  0.2155     |   1.984| 0.834   |
|      03137|4B 940825  |06 26.4|-29 16|1994-08-25 01:10:48.3|  1.0630|  0.2520     |   0.064| 0.011   |
|      00816|4B 910925  |17 42.7|-29 16|1991-09-25 03:35:06.1|  0.4340|  0.2460     |  90.944| 3.238   |
|      01318|4B 920127  |21 29.5|-29 16|1992-01-27 21:26:57.4|  0.9760|  0.3730     | 185.856| 7.707   |
|      06611|GRB 980222-|12 39.1|-29 13|1998-02-22 09:32:36.7|  1.1283|  0.2120     |  10.048| 1.620   |
|      06333|GRB 970810 |20 29.7|-29 10|1997-08-10 21:45:59.3|        |             |        |         |
|      07938|GRB 000107-|19 03.0|-29 09|2000-01-07 21:44:33.3|  2.0358|  0.2074     | 294.784| 6.039   |
|      01983|4B 921009  |08 01.6|-29 06|1992-10-09 06:41:10.8|        |             |        |         |
|      02310|4B 930420- |02 24.5|-29 02|1993-04-20 05:19:52.4|  0.6720|  0.2070     |  26.912| 1.448   |
|      00974|4B 911031- |19 55.6|-28 53|1991-10-31 12:19:17.2|  0.5510|  0.2390     |   3.200| 1.118   |
|      05624|GRB 961006-|18 18.6|-28 53|1996-10-06 08:56:04.6|  2.0415|  0.2138     | 116.544| 3.974   |
|      05995|GRB 970202 |03 18.3|-28 47|1997-02-02 07:10:44.4| 14.6167|  0.4849     |  26.688| 1.056   |
|      06514|GRB 971130-|13 18.8|-28 43|1997-11-30 15:30:02.4|        |             |        |         |
|      07732|GRB 990823 |17 37.5|-28 40|1999-08-23 13:00:45.7|        |             |        |         |
|      05716|GRB 961218-|18 46.5|-28 33|1996-12-18 00:50:26.1|  1.2265|  0.2322     |  62.784| 3.535   |
|      05609|GRB 960921-|23 01.1|-28 33|1996-09-21 15:03:48.8|        |             |        |         |
|      07941|GRB 000109 |16 35.5|-28 32|2000-01-09 10:27:14.8|        |             |        |         |
|      05479|4B 960531- |02 16.8|-28 30|1996-05-31 01:54:35.6|  2.8930|  0.2300     | 137.344| 9.486   |
|      07381|GRB 990210-|02 27.5|-28 28|  1999-02-10 10:33:48|  0.5742|  0.1613     |   9.664| 8.446   |
|      01549|4B 920411- |22 38.9|-28 25|1992-04-11 12:34:54.7|        |             |        |         |
|      01110|4B 911122  |07 04.6|-28 22|1991-11-22 15:18:54.8|  0.7130|  0.2200     |        |         |
|      01807|4B 920813  |13 44.9|-28 20|1992-08-13 03:33:48.5|  1.9220|  0.2530     |  58.048| 3.525   |
|      07361|GRB 990129-|13 36.7|-28 17|1999-01-29 17:24:11.4|  1.4644|  0.2057     |   1.856| 0.345   |
|      00764|4B 910907  |09 06.2|-28 14|1991-09-07 01:05:22.6|  1.1070|  0.2510     |  20.800| 1.319   |
|      02864|4B 940307  |12 49.5|-28 12|1994-03-07 07:56:15.4|  0.8170|  0.2420     |  30.944| 3.851   |
|      02932|4B 940415- |17 00.6|-28 11|1994-04-15 08:51:40.3|  0.7790|  0.2740     |   9.120| 1.243   |
|      01716|4B 920721- |00 02.6|-28 11|  1992-07-21 06:20:21|        |             |        |         |
|      02230|4B 930309- |02 10.3|-28 10|1993-03-09 12:27:56.4|  0.5630|  0.1940     |   7.360| 2.166   |
|      03937|4B 951208- |03 50.6|-28 09|1995-12-08 11:47:23.2|        |             |        |         |
|      03284|4B 941115  |10 39.8|-27 53|1994-11-15 06:22:50.3|  1.1920|  0.2090     |   5.056| 1.180   |
|      02045|4B 921110- |02 14.3|-27 52|1992-11-10 02:46:28.7|        |             |        |         |
|      03530|4B 950502  |10 58.6|-27 52|  1995-05-02 01:46:45|  1.5400|  0.2050     |   1.600| 0.091   |
|      07566|GRB 990515 |02 54.2|-27 49|  1999-05-15 01:16:17|  1.0919|  0.1871     |  28.480| 4.042   |
|      07385|GRB 990213-|13 32.1|-27 49|1999-02-13 00:20:29.4|        |             |        |         |
|      07236|GRB 981128 |08 46.8|+39 21|1998-11-28 19:16:06.5|  1.7400|  0.1994     |        |         |
|      07752|GRB 990904-|20 07.0|-27 45|1999-09-04 15:57:38.7|  2.5903|  0.2297     |   8.640| 3.137   |
|      06756|GRB 980512 |18 00.7|-27 34|  1998-05-12 23:29:31|        |             |        |         |
|      03410|4B 950210  |10 18.2|-27 29|1995-02-10 02:20:21.6| 22.7940|  0.4530     |   0.116| 0.006   |
|      00237|4B 910529  |13 41.7|-27 24|1991-05-29 17:36:00.9|  0.9670|  0.2520     |  40.512| 3.529   |
|      01679|4B 920628- |21 11.2|-27 19|1992-06-28 20:57:42.8|  0.5280|  0.2020     |   4.544| 0.889   |
|      06796|GRB 980530-|09 53.2|-27 17|  1998-05-30 01:00:38|  0.6735|  0.1730     |  21.312| 2.021   |
|      07651|GRB 990713-|20 41.8|-27 17|1999-07-13 21:38:18.5|        |             |        |         |
|      03908|4B 951116  |00 46.2|-27 15|1995-11-16 08:29:47.8|  1.1150|  0.1840     |  13.920| 1.243   |
|      07248|GRB 981203-|19 33.4|-27 14|1998-12-03 07:17:40.2|        |             |        |         |
|      05439|4B 960420  |15 37.0|-27 14|1996-04-20 04:40:44.4| 13.2650|  0.4010     |   4.544| 0.143   |
|      00692|4B 910818  |17 53.4|-27 05|1991-08-18 13:44:45.9|  1.5310|  0.2770     |  62.528| 1.741   |
|      07576|GRB 990519 |21 11.1|-27 05|1999-05-19 15:23:34.5|  0.4898|  0.1805     |  31.360|10.673   |
|      02596|4B 931021- |14 06.0|-27 04|1993-10-21 08:56:34.7|        |             |        |         |
|      06648|GRB 980319 |00 41.0|-26 58|1998-03-19 08:58:00.3|  0.7852|  0.2030     |  88.384|23.877   |
|      07876|GRB 991123-|12 11.8|-26 57|1999-11-23 22:15:27.7|  3.0736|  0.2499     |        |         |
|      05485|4B 960604  |20 55.6|-26 56|1996-06-04 20:27:48.3|  0.6270|  0.1710     |   3.840| 0.890   |
|      07447|GRB 990304-|14 40.8|-26 55|1999-03-04 22:28:33.8|  6.9780|  0.3180     |   0.392| 0.262   |
|      03588|4B 950521  |01 28.8|-26 52|1995-05-21 06:59:17.3|  1.6050|  0.2220     |  57.888| 0.890   |
|      05627|GRB 961009-|14 33.3|-26 38|1996-10-09 02:04:09.3|  0.6607|  0.1657     |   7.616| 3.178   |
|      01025|4B 911109  |07 28.0|-26 31|1991-11-09 03:27:37.8| 17.5990|  0.7360     |   2.624| 0.143   |
|      07818|GRB 991023 |15 35.8|-26 31|1999-10-23 14:15:15.4|  2.1775|  0.2258     |  42.752| 4.864   |
|      06180|GRB 970414-|01 25.4|-26 28|1997-04-14 16:05:03.8|  1.3354|  0.2093     |   0.896| 0.091   |
|      08053|GRB 000326-|22 13.4|-26 22|2000-03-26 05:18:56.4|        |             |   1.918| 1.024   |
|      01492|4B 920318- |16 58.0|-26 19|1992-03-18 10:57:13.8|  0.6780|  0.2380     |   4.096| 0.373   |
|      01675|4B 920627- |14 10.4|-26 17|1992-06-27 10:18:43.7|        |             |        |         |
|      06103|GRB 970226-|03 01.8|-26 16|1997-02-26 10:18:22.3|  1.7832|  0.2191     |  49.408| 1.549   |
|      07549|GRB 990506-|11 55.8|-26 14|1999-05-06 11:23:30.9| 25.1220|  0.5787     | 130.048| 0.091   |
|      07714|GRB 990817 |13 06.7|+39 22|  1999-08-17 13:15:14|        |             |        |         |
|      02929|4B 940414- |12 05.0|-26 09|1994-04-14 16:46:25.6|  8.2020|  0.4330     |  42.752| 0.453   |
|      01680|4B 920629  |16 38.5|-26 08|1992-06-29 09:06:54.1|  1.0020|  0.2290     |   0.128| 0.453   |
|      07116|GRB 980924 |04 23.8|-26 03|1998-09-24 15:04:22.5|  1.2530|  0.2246     |  20.224|11.195   |
|      01148|4B 911205  |06 55.9|-25 51|  1991-12-05 23:04:41|  1.6330|  0.3240     |  49.344| 3.014   |
|      02207|4B 930221  |09 40.5|-25 51|1993-02-21 18:23:07.9|  0.5840|  0.2280     |   3.200| 0.462   |
|      02040|4B 921102- |14 32.3|-25 40|1992-11-02 15:47:08.5|  1.1910|  0.2800     |   1.112| 0.193   |
|      02564|4B 931005  |08 16.5|-25 40|  1993-10-05 15:50:26|  1.9330|  0.2610     |   0.256| 0.091   |
|      02106|4B 921227  |13 45.3|-25 39|1992-12-27 12:44:08.2|  1.8060|  0.2560     |  26.048| 0.634   |
|      07490|GRB 990323-|16 27.0|-25 38|1999-03-23 14:23:23.5|        |             |        |         |
|      02532|4B 930916- |01 35.8|-25 35|1993-09-16 03:23:14.5|        |             |        |         |
|      05461|4B 960515  |09 03.6|-25 31|1996-05-15 00:33:56.1|  1.6730|  0.1920     |   1.408| 0.143   |
|      05608|GRB 960921-|14 52.9|-25 21|1996-09-21 08:04:50.5|  1.4866|  0.2430     |   9.280| 0.771   |
|      02998|4B 940529- |10 54.6|-25 20|1994-05-29 03:17:02.7|  1.3840|  0.2630     |  33.056| 9.567   |
|      00138|4B 910502- |07 37.9|-25 19|1991-05-02 11:17:47.4|  1.1070|  0.2530     |   0.315| 0.023   |
|      00508|4B 910710  |16 32.6|-25 17|1991-07-10 04:33:39.4|  0.7280|  0.2160     |   0.896| 0.373   |
|      03072|4B 940711  |07 22.3|-25 15|1994-07-11 18:14:06.5|  1.2550|  0.3730     |   8.704| 1.527   |
|      02748|4B 940108  |05 04.9|-25 08|1994-01-08 06:34:57.2|  1.4850|  0.2600     |   0.384| 0.091   |
|      01851|4B 920818  |02 55.4|-24 59|1992-08-18 14:09:41.6|  4.6810|  0.3900     |   1.152| 0.320   |
|      03121|4B 940812- |15 24.9|-24 58|1994-08-12 15:10:22.4|  1.1880|  0.2680     |   0.792| 0.064   |
|      05462|4B 960516- |18 33.0|-24 55|1996-05-16 00:51:17.7|  1.5100|  0.2230     |        |         |
|      06568|GRB 980112-|09 04.4|-24 47|1998-01-12 08:29:35.3|        |             |        |         |
|      05473|4B 960524- |23 54.1|-24 46|1996-05-24 20:09:09.1|  3.9980|  0.2710     |  80.640| 3.083   |
|      03253|4B 941020- |03 20.0|-24 44|1994-10-20 20:05:27.8|        |             |  56.000| 0.143   |
|      06670|GRB 980331-|08 45.4|-24 40|1998-03-31 06:42:05.9|  1.1100|  0.2302     |  40.320| 2.841   |
|      07817|GRB 991022 |00 04.0|-24 40|1999-10-22 18:32:34.3|        |             |        |         |
|      06161|GRB 970406-|03 23.2|-24 38|1997-04-06 06:19:44.7|        |             |        |         |
|      06411|GRB 971004-|23 38.2|-24 36|1997-10-04 13:54:10.5|  1.3669|  0.2115     |   6.464| 2.233   |
|      07185|GRB 981031 |18 33.0|-24 34|1998-10-31 09:41:44.5|  5.8478|  0.3205     | 147.456| 0.453   |
|      07551|GRB 990507-|00 55.1|-24 27|1999-05-07 02:32:17.7|  1.6591|  0.2143     | 119.616|12.521   |
|      07281|GRB 981226 |17 48.6|-24 24|1998-12-26 10:47:04.2| 16.8377|  0.4239     |   1.664| 0.143   |
|      03870|4B 951016- |02 23.3|-24 22|1995-10-16 00:41:21.4| 14.1130|  0.4550     |   8.448| 0.326   |
|      00729|4B 910827  |08 06.4|-24 20|1991-08-27 07:31:30.4|  1.6160|  0.3280     |   0.183| 0.031   |
|      02330|4B 930506- |17 01.4|-24 20|1993-05-06 18:13:51.8|  8.0340|  0.3970     |   0.804| 0.009   |
|      07787|GRB 991004-|02 42.3|-24 20|1999-10-04 06:44:56.7|        |             |        |         |
|      03240|4B 941013  |10 09.5|-24 19|1994-10-13 23:06:31.9|        |             |        |         |
|      07353|GRB 990126-|21 24.6|-24 18|1999-01-26 14:24:03.9|  8.4761|  0.3789     |   0.249| 0.004   |
|      02306|4B 930416  |09 38.2|-24 11|1993-04-16 22:27:13.4|  1.0580|  0.2320     |  21.120| 8.257   |
|      03269|4B 941031- |14 29.1|-24 10|1994-10-31 11:21:58.6|  8.3650|  0.3440     |  13.888| 0.516   |
|      03356|4B 950114- |20 55.6|-24 09|1995-01-14 01:00:42.3|  2.2230|  0.2410     |   5.952| 0.910   |
|      08050|GRB 000324 |13 48.1|-24 02|2000-03-24 05:10:13.8|  4.9855|  0.3083     |   3.904| 0.516   |
|      07294|GRB 990102-|14 33.4|-24 02|1999-01-02 09:33:45.7|  3.2593|  0.3050     |   0.154| 0.012   |
|      06285|GRB 970628-|03 03.7|-24 01|1997-06-28 20:46:35.7|  0.9522|  0.1900     |  43.264| 3.057   |
|      03663|4B 950711  |05 43.2|-24 01|1995-07-11 03:49:49.1|  4.8050|  0.2700     | 204.416| 0.264   |
|      06668|GRB 980330 |14 59.7|-24 01|1998-03-30 00:01:33.3| 39.1270|  0.6063     |   0.116| 0.006   |
|      03932|4B 951205  |17 11.2|-24 01|1995-12-05 06:02:59.4|        |             |        |         |
|      02856|4B 940302  |00 50.0|-23 58|1994-03-02 05:08:31.5| 20.0450|  0.6770     | 119.872| 0.143   |
|      06967|GRB 980805 |07 41.3|-23 56|1998-08-05 13:37:04.7|        |             |        |         |
|      06137|GRB 970326-|08 55.9|-23 55|  1997-03-26 13:58:37|  0.8999|  0.2079     |   8.384| 2.073   |
|      02466|4B 930727- |10 40.0|-23 53|1993-07-27 08:08:29.6|        |             |        |         |
|      06570|GRB 980113 |17 24.1|-23 50|1998-01-13 04:07:25.7|  5.8067|  0.3111     |        |         |
|      07827|GRB 991028 |05 23.8|-23 46|1999-10-28 08:50:59.4|  1.1889|  0.1886     |   2.267| 4.498   |
|      03002|4B 940529- |04 24.8|-23 45|1994-05-29 16:20:36.6|        |             |        |         |
|      01631|4B 920531  |05 47.4|-23 41|1992-05-31 16:10:21.9|        |             |        |         |
|      03056|4B 940702  |01 58.9|-23 32|1994-07-02 09:28:11.7|  2.6230|  0.3060     |  36.320| 1.319   |
|      06545|GRB 971225 |17 40.5|+64 39|  1997-12-25 18:00:34|  1.3930|  0.2238     |        |         |
|      05488|4B 960607- |19 57.2|-23 31|1996-06-07 06:08:42.1|  1.0870|  0.1810     |   0.192| 0.045   |
|      06380|GRB 970912-|12 05.1|-23 28|1997-09-12 21:52:24.3|  2.0754|  0.2520     |  65.600| 2.463   |
|      05604|GRB 960913-|12 10.3|-23 27|1996-09-13 23:05:18.8|  2.9306|  0.2273     |  15.680| 0.181   |
|      06534|GRB 971216 |23 48.1|-23 25|1997-12-16 07:45:02.2|  1.7460|  0.2459     |   4.352| 1.223   |
|      01703|4B 920717- |21 47.4|-23 20|1992-07-17 06:43:21.7|        |             |        |         |
|      03502|4B 950410  |21 29.2|-23 17|1995-04-10 19:00:16.4|  2.4110|  0.2340     |   0.416| 0.023   |
|      02924|4B 940413- |13 45.0|-23 14|  1994-04-13 10:12:31|  0.9820|  0.2600     | 137.088| 1.958   |
|      06830|GRB 980617-|03 46.8|-23 13|1998-06-17 06:52:47.2|  1.0741|  0.1992     |  28.352| 3.238   |
|      02756|4B 940113  |13 57.6|-23 10|  1994-01-13 16:47:54|        |             |        |         |
|      06127|GRB 970317-|22 38.8|-23 09|1997-03-17 00:29:19.9|  0.5427|  0.1771     |  70.080| 7.938   |
|      02662|4B 931127  |16 43.2|-23 04|1993-11-27 00:50:09.7|  1.8230|  0.2940     |  16.128| 0.854   |
|      07133|GRB 980929 |11 05.0|-22 59|1998-09-29 21:51:37.4|  4.0861|  0.2619     |   1.079| 0.370   |
|      05123|4B 960304  |00 09.9|-22 57|1996-03-04 08:50:02.6|  1.7740|  0.1950     |        |         |
|      06135|GRB 970324 |00 36.2|-22 50|1997-03-24 02:22:23.2|  0.7983|  0.1677     |   4.032| 0.653   |
|      01141|4B 911202- |11 30.0|-22 50|1991-12-02 20:28:49.7|  9.2620|  0.5320     |  20.096| 0.516   |
|      00109|4B 910425- |06 05.2|-22 46|1991-04-25 00:37:45.7|  3.7770|  0.3540     |  90.176| 0.286   |
|      00815|4B 910923  |03 30.1|-22 34|1991-09-23 18:23:26.3|  0.8360|  0.2690     |  25.408| 2.485   |
|      07533|GRB 990426 |17 32.2|-22 25|1999-04-26 09:28:44.5|  0.9975|  0.2051     |   9.600| 4.932   |
|      06216|GRB 970501 |09 55.3|-22 19|1997-05-01 08:48:17.8|  3.4145|  0.2601     |   2.432| 0.143   |
|      07795|GRB 991011-|10 39.2|-22 17|1999-10-11 01:30:46.4|  0.8653|  0.1757     | 120.000|23.424   |
|      00938|4B 911026  |04 58.7|-22 16|1991-10-26 13:07:00.8|  1.1270|  0.2300     |  30.976| 1.382   |
|      02325|4B 930503- |01 18.5|-22 16|1993-05-03 14:17:35.5|  1.4490|  0.2410     |  22.528| 0.653   |
|      02947|4B 940425- |07 56.4|-22 10|1994-04-25 06:53:55.7|  0.7580|  0.2360     |  21.920| 1.793   |
|      01687|4B 920707  |18 26.6|-22 04|1992-07-07 01:08:19.7|  0.6560|  0.2290     |  32.384| 8.693   |
|      01678|4B 920628- |19 45.2|+66 51|1992-06-28 09:01:41.4|        |             |   4.288| 1.094   |
|      07329|GRB 990117-|21 05.4|-22 01|1999-01-17 21:12:15.5|  4.2126|  0.2656     |   3.136| 0.202   |
|      03439|4B 950223  |21 42.2|-21 59|1995-02-23 02:23:08.7|  1.9620|  0.2020     | 150.784| 1.669   |
|      02848|4B 940226- |20 12.5|-21 57|1994-02-26 00:11:54.4|  0.6060|  0.2270     |   7.232| 1.012   |
|      02966|4B 940507  |13 49.4|-21 56|  1994-05-07 19:31:56|  1.1920|  0.2470     |   0.312| 0.011   |
|      05736|GRB 970101 |21 59.8|-21 55|1997-01-01 06:22:51.1|  0.6375|  0.1810     |  79.168| 8.383   |
|      05379|4B 960330  |01 44.4|-21 55|1996-03-30 00:20:43.8|  1.4610|  0.1850     |  11.328| 0.320   |
|      06710|GRB 980427 |15 00.7|-21 53|1998-04-27 15:40:31.6|  0.8225|  0.1819     |   1.088| 0.202   |
|      02623|4B 931110  |14 30.4|-21 49|1993-11-10 17:14:03.7|  3.0570|  0.3030     |   3.392| 0.143   |
|      03894|4B 951104- |17 38.1|-21 49|1995-11-04 05:33:06.9|  1.6300|  0.2080     |   1.483| 0.311   |
|      05718|GRB 961218-|06 31.0|-21 44|1996-12-18 19:35:31.8|  0.4054|  0.1646     |   8.768| 0.932   |
|      02167|4B 930206- |00 41.4|-21 43|1993-02-06 01:16:48.3|  4.8820|  0.3550     |   0.128| 0.091   |
|      02318|4B 930426- |03 01.8|-21 43|1993-04-26 09:19:33.5|        |             |        |         |
|      03916|4B 951121  |13 46.2|-21 42|1995-11-21 06:11:21.4|  1.2950|  0.1780     | 115.456| 8.768   |
|      01145|4B 911204  |04 34.8|-21 36|1991-12-04 17:21:42.8|  2.0670|  0.3040     |  32.192| 4.207   |
|      03608|4B 950530  |07 41.6|-21 36|1995-05-30 15:16:54.6|  1.9780|  0.2080     |  16.896| 1.921   |
|      05715|GRB 961216 |04 38.8|-21 29|1996-12-16 16:29:01.5|  0.7991|  0.1860     |  20.992| 3.200   |
|      01046|4B 911111- |08 04.4|-21 17|1991-11-11 22:19:47.2|  1.1020|  0.2600     | 114.368| 2.896   |
|      06659|GRB 980326-|17 45.2|-21 16|1998-03-26 04:26:44.1|  3.3304|  0.2495     |   0.200| 0.010   |
|      02134|4B 930114- |06 04.0|-21 14|1993-01-14 04:26:54.7|        |             |        |         |
|      04653|4B 960129- |12 51.0|-21 10|1996-01-29 15:24:20.6|  1.5450|  0.2250     |  51.680| 1.280   |
|      06298|GRB 970708-|09 24.5|-21 10|1997-07-08 03:31:57.8|  0.4677|  0.1863     |   9.984| 3.259   |
|      02915|4B 940407- |03 56.1|-21 09|1994-04-07 11:52:16.7|        |             |        |         |
|      07077|GRB 980910-|13 00.3|-21 09|1998-09-10 16:57:44.4|        |             |        |         |
|      03649|4B 950625  |18 06.6|-21 09|1995-06-25 04:03:21.4|  4.3670|  0.3090     |  26.496| 3.937   |
|      01152|4B 911208- |07 30.7|-21 08|1991-12-08 00:05:45.7|  0.5400|  0.2840     | 274.880| 4.108   |
|      01129|4B 911129- |02 42.2|-21 01|1991-11-29 17:59:51.1|  0.8130|  0.2370     |   0.960| 0.264   |
|      07786|GRB 991004-|15 19.1|-20 55|1999-10-04 04:19:40.7|  2.4244|  0.2428     |  29.696| 1.665   |
|      01484|4B 920315- |21 22.3|-20 53|1992-03-15 04:19:27.2| 15.0600|  0.5640     |        |         |
|      01085|4B 911118- |11 08.1|-20 51|  1991-11-18 18:57:38| 30.6230|  0.8010     |  19.200| 0.181   |
|      03606|4B 950529  |15 56.2|-20 49|1995-05-29 10:14:53.6|  3.9500|  0.2670     |   1.824| 0.066   |
|      03657|4B 950701- |21 20.6|-20 49|1995-07-01 03:32:38.2|        |             |        |         |
|      02140|4B 930121- |00 33.9|-20 49|1993-01-21 09:17:10.1|  0.6440|  0.2050     |  19.072| 4.834   |
|      01288|4B 920110- |03 52.3|-20 48|1992-01-10 09:17:58.3|  6.8140|  0.4580     | 318.592| 2.052   |
|      02941|4B 940421  |12 14.4|-20 48|1994-04-21 22:09:52.8|        |             |        |         |
|      01912|4B 920908  |06 45.8|-20 43|1992-09-08 08:21:44.9|        |             |        |         |
|      01886|4B 920902- |18 36.6|-20 42|1992-09-02 00:28:56.3| 16.6830|  0.6170     | 275.712| 2.057   |
|      03866|4B 951014- |11 11.4|-20 38|1995-10-14 12:06:04.2|  6.0980|  0.3120     |   4.224| 1.026   |
|      00841|4B 910930- |08 47.2|-20 37|1991-09-30 11:55:29.8|  6.5310|  0.4320     |  17.408| 0.516   |
|      02298|4B 930410  |01 40.2|-20 34|1993-04-10 02:58:33.7|  0.6820|  0.2230     |  70.016| 4.184   |
|      05458|4B 960512  |16 44.0|-20 29|1996-05-12 21:07:12.6|  1.4590|  0.2140     |   0.024| 0.011   |
|      03193|4B 940925  |07 08.3|-20 23|1994-09-25 16:12:01.6|  0.8200|  0.1730     |  64.064|16.515   |
|      05389|4B 960331- |07 27.4|-20 23|  1996-03-31 05:53:27|  4.4310|  0.2690     |  23.744| 0.202   |
|      08098|GRB 000508-|16 54.2|-20 23|2000-05-08 19:10:50.9|  3.5664|  0.2403     | 136.192| 4.238   |
|      07586|GRB 990527-|22 58.2|-20 00|1999-05-27 13:56:55.7|        |             |        |         |
|      02148|4B 930127- |16 21.2|-19 58|  1993-01-27 00:28:43|  1.5170|  0.2390     |  61.376| 2.631   |
|      02833|4B 940218  |23 18.8|-19 41|  1994-02-18 19:32:29|        |             |        |         |
|      06912|GRB 980708 |00 57.5|-19 35|1998-07-08 14:38:04.5|        |             |        |         |
|      00111|4B 910426  |05 03.3|-19 31|1991-04-26 22:14:06.7|  0.7740|  0.2570     |  98.176| 2.262   |
|      05989|GRB 970201-|03 40.5|-19 26|1997-02-01 15:54:10.7| 77.6114|  0.8854     |  26.944| 0.326   |
|      01159|4B 911210  |19 39.5|-19 24|1991-12-10 21:05:47.4|  3.7270|  0.3690     |  18.240| 2.560   |
|      08033|GRB 000313-|15 16.4|-19 22|  2000-03-13 04:29:41|        |             |        |         |
|      07547|GRB 990504 |03 39.5|-19 20|1999-05-04 12:11:47.7|  5.5680|  0.3163     |   1.011| 0.100   |
|      07534|GRB 990427 |23 36.6|-19 16|1999-04-27 15:43:57.2|        |             |        |         |
|      03930|4B 951203  |18 39.4|-19 15|1995-12-03 01:06:27.6| 11.5450|  0.4310     | 172.736|27.264   |
|      05410|4B 960404  |19 11.8|-19 14|1996-04-04 02:28:16.2|  0.6960|  0.1730     |        |         |
|      03078|4B 940714- |09 02.1|-19 12|1994-07-14 21:18:20.3|  2.3200|  0.3440     |   0.224| 0.033   |
|      06552|GRB 971230-|09 50.4|-19 09|1997-12-30 11:08:04.2|  1.1013|  0.2247     |  22.592| 7.617   |
|      02254|4B 930318- |07 04.7|-19 08|1993-03-18 07:09:20.8|  1.7510|  0.2510     |   5.440| 0.516   |
|      06147|GRB 970330-|23 11.0|-19 07|1997-03-30 08:58:52.5|  1.3497|  0.1997     |  32.832| 1.090   |
|      07359|GRB 990129-|06 43.9|-19 05|1999-01-29 03:41:38.9|  0.9094|  0.1904     |   0.448| 0.091   |
|      07788|GRB 991004-|14 03.0|-19 02|1999-10-04 13:14:20.8|  5.9921|  0.3139     |  77.376| 1.601   |
|      07502|GRB 990403-|20 05.6|-19 01|1999-04-03 02:22:32.2|  2.2042|  0.2393     |  82.880| 2.009   |
|      02431|4B 930706- |18 34.2|-18 58|1993-07-06 05:13:30.6| 43.8330|  0.8940     |   2.776| 0.129   |
|      03940|4B 951211- |05 24.6|-18 56|1995-12-11 05:55:59.1|  3.1990|  0.2280     |   0.576| 0.091   |
|      02255|4B 930318- |10 01.9|-18 51|1993-03-18 12:29:53.2|  3.4670|  0.2960     |        |         |
|      06745|GRB 980508-|18 05.4|-18 47|1998-05-08 12:12:25.7|  1.9079|  0.2311     | 134.656| 4.906   |
|      07252|GRB 981210 |23 26.3|-18 46|1998-12-10 13:35:50.2|        |             |        |         |
|      07428|GRB 990225-|15 31.8|-18 44|1999-02-25 19:38:48.6|        |             |   1.728| 1.218   |
|      01462|4B 920303- |17 58.6|-18 43|1992-03-03 23:32:58.6|  1.3820|  0.2920     |        |         |
|      02593|4B 931019- |16 11.7|-18 42|1993-10-19 18:22:34.9|  1.7230|  0.2680     |  29.888| 1.094   |
|      06814|GRB 980609-|21 22.1|-18 39|1998-06-09 20:32:15.6|  3.5187|  0.2722     |  19.264| 1.639   |
|      06660|GRB 980326-|08 53.3|-18 38|1998-03-26 21:18:53.2|        |             |        |         |
|      00551|4B 910718- |18 24.3|-18 35|1991-07-18 21:07:29.3|  5.5730|  0.4260     |   0.250| 0.109   |
|      05713|GRB 961214 |13 49.8|-18 32|1996-12-14 09:27:58.9|  1.1319|  0.2119     |  50.432| 2.680   |
|      03295|4B 941125  |16 03.7|-18 29|1994-11-25 22:04:30.6|        |             |        |         |
|      07518|GRB 990413 |12 00.0|-18 26|1999-04-13 07:54:08.1|  3.7771|  0.2878     |  12.736| 0.453   |
|      06281|GRB 970627-|19 01.0|-18 22|  1997-06-27 20:13:22|  0.7922|  0.1791     |   3.072| 0.707   |
|      05556|4B 960731- |13 18.1|-18 17|  1996-07-31 03:22:53|  1.5840|  0.2050     |   1.511| 0.109   |
|      07762|GRB 990912 |05 40.2|-18 16|1999-09-12 23:27:24.9|  1.6505|  0.1965     |  21.632| 1.498   |
|      02694|4B 931215- |01 03.7|-18 15|1993-12-15 12:37:59.6|        |             |        |         |
|      01558|4B 920419- |09 58.9|-18 15|1992-04-19 10:54:40.2|  0.5270|  0.2050     |  27.584| 8.404   |
|      02384|4B 930609- |13 35.2|-18 13|1993-06-09 19:26:28.6|  1.1240|  0.2290     |   0.192| 0.091   |
|      07322|GRB 990112 |18 29.0|-18 11|1999-01-12 14:17:21.4|  1.5829|  0.2655     |  60.480| 6.152   |
|      07614|GRB 990620-|17 54.2|-18 08|1999-06-20 11:23:23.3|  1.2956|  0.2129     |  18.432| 0.834   |
|      03321|4B 941215- |10 31.0|-18 05|1994-12-15 08:08:50.6|  0.7090|  0.1630     |  22.912| 1.120   |
|      05464|4B 960516- |04 09.1|-18 04|1996-05-16 23:24:08.3|  3.4070|  0.2400     |  28.864| 2.041   |
|      07979|GRB 000202 |00 21.0|-17 53|2000-02-02 09:04:04.3|  0.8471|  0.1846     |   2.668| 0.405   |
|      07798|GRB 991011-|13 33.7|-17 52|1999-10-11 13:42:46.3|  0.9954|  0.2014     |  10.432| 2.625   |
|      06782|GRB 980525 |10 30.4|-17 52|1998-05-25 02:34:47.9|  1.4017|  0.2076     |  39.680| 2.433   |
|      02312|4B 930421- |04 36.0|-17 49|1993-04-21 04:27:01.7|  1.8010|  0.2820     |   0.272| 0.133   |
|      01643|4B 920610  |09 51.3|-17 49|1992-06-10 01:11:53.7|        |             |   4.224| 2.166   |
|      06543|GRB 971222 |19 19.7|-17 49|1997-12-22 11:36:54.1|  2.8015|  0.2838     |   1.664| 0.091   |
|      03178|4B 940921- |13 39.6|-17 46|1994-09-21 05:08:13.1| 14.5830|  0.4250     |  39.936| 4.352   |
|      01577|4B 920502- |02 12.2|-17 44|1992-05-02 06:02:59.2|        |             |        |         |
|      01213|4B 911224- |22 48.2|-17 43|1991-12-24 15:35:33.2|  0.7080|  0.2320     |  20.224| 0.910   |
|      06233|GRB 970516 |04 21.2|-17 40|1997-05-16 19:53:17.8|  0.9686|  0.1976     |   4.864| 1.921   |
|      06587|GRB 980203-|00 13.8|-17 39|1998-02-03 22:47:08.3| 37.4701|  0.7562     |  23.040| 0.143   |
|      03637|4B 950610  |06 40.4|-17 39|1995-06-10 01:54:09.5|  2.9040|  0.2510     |  13.184| 0.516   |
|      06207|GRB 970424-|13 12.2|-17 32|1997-04-24 10:09:35.2|  1.9870|  0.2238     |        |         |
|      03115|4B 940810  |14 08.0|-17 28|1994-08-10 02:22:42.3| 12.1260|  0.5500     |  45.312| 0.143   |
|      02701|4B 931221- |16 19.2|-17 25|  1993-12-21 23:31:05|  0.9940|  0.2390     |   0.636| 0.405   |
|      02661|4B 931126- |00 13.2|-17 24|1993-11-26 19:31:39.7|        |             |        |         |
|      06369|GRB 970907-|11 41.9|-17 20|1997-09-07 06:29:21.2|  0.7117|  0.1817     |  29.312| 2.176   |
|      03768|4B 950822- |08 22.7|-17 14|1995-08-22 09:19:28.4|  0.9540|  0.2140     |  51.104| 5.538   |
|      02105|4B 921222  |05 42.7|-15 38|1992-12-22 20:32:52.9|  1.0720|  0.2250     |   3.392| 0.689   |
|      01991|4B 921017  |13 14.0|-17 14|1992-10-17 23:55:13.2|  1.0500|  0.2610     |  70.912| 3.845   |
|      00755|4B 910904  |23 36.6|-17 05|1991-09-04 15:34:50.2|  1.1860|  0.2680     |   6.464| 0.373   |
|      06416|GRB 971007 |14 46.9|-17 04|1997-10-07 15:56:02.3|        |             |        |         |
|      03140|4B 940827- |08 55.3|-16 58|1994-08-27 22:48:13.5|        |             |        |         |
|      02328|4B 930506- |06 47.3|-16 40|1993-05-06 05:37:45.6|  1.7090|  0.2680     |  53.984| 1.448   |
|      06269|GRB 970613-|13 19.2|-16 36|1997-06-13 10:04:43.1|  0.7378|  0.1865     |  22.976| 7.171   |
|      07442|GRB 990303-|21 10.7|-16 35|1999-03-03 03:59:00.9|        |             |        |         |
|      07943|GRB 000111 |08 58.9|-16 34|2000-01-11 02:41:58.4|  3.3119|  0.2415     |   3.456| 2.305   |
|      01648|4B 920615- |17 13.4|-16 30|1992-06-15 06:12:32.5|        |             |  22.400| 3.131   |
|      07496|GRB 990330-|02 22.4|-16 29|1999-03-30 18:11:05.3|  0.8363|  0.2275     |   2.197| 0.483   |
|      01609|4B 920517- |13 36.4|-16 28|1992-05-17 03:17:54.9| 67.5890|  1.2070     |  12.672| 3.203   |
|      06939|GRB 980723 |09 43.5|-16 26|1998-07-23 14:14:56.2|  1.0620|  0.1970     |        |         |
|      00512|4B 910711  |13 59.5|-16 23|1991-07-11 09:31:52.4|  3.3310|  0.3750     |   0.183| 0.065   |
|      03902|4B 951110  |01 10.7|-16 23|1995-11-10 23:09:46.8|  8.2570|  0.3130     |   0.192| 0.091   |
|      02383|4B 930609- |13 54.9|-16 23|1993-06-09 10:07:24.2|  3.2200|  0.3020     |  50.944| 1.154   |
|      07148|GRB 981009-|17 36.0|-16 22|1998-10-09 21:29:21.1|  0.8737|  0.2100     |   1.177| 0.225   |
|      03247|4B 941018- |03 43.0|-16 17|  1994-10-18 06:02:11|  1.5070|  0.1930     | 200.704| 2.570   |
|      05436|4B 960418- |07 21.3|-16 09|1996-04-18 18:33:15.4|  5.5610|  0.3270     |        |         |
|      03027|4B 940613  |21 04.2|-16 08|1994-06-13 20:38:42.2|  2.2700|  0.2980     |   0.120| 0.020   |
|      07244|GRB 981201 |21 37.0|-16 04|1998-12-01 20:57:31.9|        |             |        |         |
|      06293|GRB 970704-|04 59.3|-16 00|1997-07-04 01:08:16.8| 88.5318|  1.0051     |   0.192| 0.091   |
|      02454|4B 930721- |07 19.4|-16 00|1993-07-21 14:54:52.1|  1.1580|  0.2400     |   1.359| 0.218   |
|      07588|GRB 990528 |04 23.4|-15 55|1999-05-28 09:42:15.3|  2.3203|  0.2347     |  25.088| 3.457   |
|      06198|GRB 970420 |14 12.0|-15 55|1997-04-20 20:14:02.2| 66.4983|  0.8913     |  10.496| 0.143   |
|      07797|GRB 991011-|22 19.1|-15 55|1999-10-11 08:36:22.4|        |             |        |         |
|      01359|4B 920205  |02 37.6|-15 50|1992-02-05 15:04:31.4|  2.0050|  0.3240     |   0.258| 0.154   |
|      06579|GRB 980124-|23 02.3|-15 50|1998-01-24 22:41:12.4|  3.0759|  0.2539     |   2.944| 0.091   |
|      07954|GRB 000115 |07 46.2|-15 47|  2000-01-15 14:49:32| 56.9544|  0.8075     |  15.040| 0.143   |
|      03345|4B 950104  |20 13.0|-15 38|  1995-01-04 07:18:39|  7.3780|  0.3630     |  40.416| 1.208   |
|      07785|GRB 991004-|21 59.8|-15 37|1999-10-04 01:53:05.8|  2.6787|  0.2302     | 108.992| 7.574   |
|      02482|4B 930805- |22 18.2|-15 36|1993-08-05 12:39:28.7|  1.4050|  0.2680     |  35.584| 4.037   |
|      00114|4B 910427  |05 15.4|-15 35|1991-04-27 09:05:20.7|  0.7400|  0.2510     | 381.248|10.192   |
|      03030|4B 940616- |22 24.9|-15 34|1994-06-16 11:01:14.3|  1.8410|  0.2630     |        |         |
|      05525|4B 960702- |02 27.1|-15 32|1996-07-02 15:11:26.4|        |             |        |         |
|      00773|4B 910908  |15 04.4|-15 32|1991-09-08 11:00:35.1|  0.9660|  0.2350     |  60.992| 2.111   |
|      03142|4B 940829  |08 37.6|-15 29|1994-08-29 09:27:17.2|  2.9660|  0.3190     |  33.088| 4.128   |
|      02119|4B 930106- |13 17.8|-15 26|1993-01-06 09:45:45.1|  1.2120|  0.2520     |  15.296| 3.845   |
|      06235|GRB 970517-|07 28.4|-15 25|1997-05-17 09:04:42.3| 21.7417|  0.4585     |   4.032| 0.091   |
|      03046|4B 940626  |12 50.1|-15 22|1994-06-26 00:45:57.3|        |             |        |         |
|      05079|4B 960229- |04 02.4|-15 16|  1996-02-29 22:37:03|  1.4460|  0.1980     |   1.184| 0.304   |
|      01346|4B 920203  |17 59.0|-15 16|1992-02-03 15:36:47.6|  2.0060|  0.3460     |   4.544| 0.231   |
|      02790|4B 940128- |14 56.1|-15 13|1994-01-28 16:51:05.5|  3.7680|  0.3120     |  45.248| 0.326   |
|      07535|GRB 990428 |08 51.4|-15 04|1999-04-28 09:25:00.3|  0.6494|  0.1707     |   9.792| 2.435   |
|      07634|GRB 990706-|20 59.2|-15 02|1999-07-06 14:27:23.5|        |             |        |         |
|      08058|GRB 000331-|11 17.6|-15 01|2000-03-31 03:47:58.3|        |             |        |         |
|      07677|GRB 990726 |00 15.6|-14 56|1999-07-26 09:18:40.4|  0.8882|  0.1896     |  59.392| 5.705   |
|      02759|4B 940114- |06 29.6|-14 48|1994-01-14 21:28:20.9|        |             |        |         |
|      01974|4B 921003- |10 01.3|-14 43|  1992-10-03 06:35:40|  5.6990|  0.3770     |   7.232| 0.231   |
|      08081|GRB 000420-|08 37.0|-14 35|2000-04-20 14:22:10.7|        |             |        |         |
|      02727|4B 940101- |20 29.6|-14 32|1994-01-01 15:49:45.2|  0.5460|  0.2140     |  64.288| 5.340   |
|      03791|4B 950911- |10 49.6|-14 31|1995-09-11 14:44:14.9|  3.4180|  0.2590     |   0.336| 0.023   |
|      07238|GRB 981129 |06 43.7|-14 28|1998-11-29 15:44:20.9|  1.8953|  0.2101     |        |         |
|      02933|4B 940415- |16 36.6|-14 28|1994-04-15 17:01:13.4| 10.7690|  0.4410     |   0.320| 0.091   |
|      02880|4B 940313  |07 17.8|-14 28|1994-03-13 13:02:22.8|  3.1960|  0.2920     |   6.115| 0.257   |
|      03403|4B 950206- |04 38.4|-14 27|  1995-02-06 10:43:48|  0.5930|  0.1570     |  31.840| 1.361   |
|      03487|4B 950328  |01 58.6|-14 24|  1995-03-28 21:39:54|  1.1810|  0.1910     |   0.642| 0.196   |
|      06303|GRB 970713-|10 46.2|-14 21|1997-07-13 06:16:27.1|  3.4908|  0.2798     |  33.984| 2.881   |
|      05532|4B 960707- |10 49.6|-14 20|1996-07-07 16:26:04.1|  1.0780|  0.1940     |        |         |
|      01571|4B 920429  |11 56.3|-14 20|1992-04-29 18:59:32.1|  2.4870|  0.2740     |        |         |
|      06518|GRB 971202 |02 24.6|-14 18|1997-12-02 13:34:51.6|        |             |        |         |
|      06633|GRB 980309-|14 55.1|-14 17|1998-03-09 17:09:00.8|        |             |        |         |
|      00563|4B 910721- |21 02.1|-14 17|1991-07-21 19:30:12.5|  2.1310|  0.2900     |  22.528| 1.473   |
|      05412|4B 960405- |22 08.2|-14 13|1996-04-05 18:42:03.6|  1.6220|  0.2290     |  98.848| 2.851   |
|      03442|4B 950226  |10 36.0|-13 54|1995-02-26 14:48:56.5|        |             |        |         |
|      05615|GRB 960925 |01 57.0|-13 52|1996-09-25 03:27:15.7|  1.0237|  0.1976     |   1.792| 0.453   |
|      08041|GRB 000319 |11 31.1|-13 52|2000-03-19 04:23:01.4|  1.7561|  0.2139     |   0.079| 0.039   |
|      06249|GRB 970603-|07 01.0|-13 51|1997-06-03 09:49:05.1|  1.3930|  0.2006     | 102.208| 3.851   |
|      02154|4B 930201- |06 22.0|-13 47|  1993-02-01 08:47:21|        |             |        |         |
|      01922|4B 920912  |17 04.4|-13 43|1992-09-12 04:41:06.9|  3.5320|  0.3070     |  16.192| 4.551   |
|      00575|4B 910725- |09 01.8|-13 35|1991-07-25 02:07:07.6|  3.7080|  0.4650     |   0.413| 0.022   |
|      07653|GRB 990715-|19 46.1|-13 32|1999-07-15 02:47:46.7|        |             |        |         |
|      00353|4B 910614- |01 20.2|-13 26|  1991-06-14 09:47:27|  1.7190|  0.2740     |        |         |
|      03015|4B 940604- |08 25.4|-13 25|1994-06-04 14:37:07.1|  2.1390|  0.2940     |  26.752| 1.177   |
|      01715|4B 920721- |01 19.7|-13 24|1992-07-21 02:53:32.4|        |             |        |         |
|      03643|4B 950619  |19 23.8|-13 23|1995-06-19 05:28:39.6|  1.0080|  0.2020     |        |         |
|      06498|GRB 971125-|14 53.4|-13 16|  1997-11-25 07:21:49|  0.9092|  0.2459     | 108.544| 4.885   |
|      02313|4B 930421- |15 36.8|-13 15|1993-04-21 21:46:43.2|        |             |        |         |
|      07922|GRB 991228-|01 26.7|-13 08|1999-12-28 04:28:02.7|  2.8487|  0.2347     |   0.422| 0.064   |
|      05490|4B 960608- |17 03.8|-13 05|1996-06-08 15:33:32.5|  1.1380|  0.2130     |  18.368| 0.604   |
|      07741|GRB 990828 |16 37.6|-13 01|1999-08-28 13:40:24.4|  0.7144|  0.2381     |  47.232| 8.319   |
|      07704|GRB 990808 |20 07.0|-12 59|1999-08-08 07:15:14.8|        |             |        |         |
|      06238|GRB 970522 |15 42.9|-12 58|1997-05-22 20:26:37.4|  2.0046|1367.8200    |   2.240| 1.358   |
|      03471|4B 950317- |05 40.0|-12 58|  1995-03-17 05:15:58|  0.6860|  0.1900     |  19.808| 3.482   |
|      00351|4B 910614- |11 39.0|-12 57|1991-06-14 01:54:24.5|  1.4500|  0.2580     | 146.944| 4.017   |
|      05640|GRB 961022-|17 50.6|-12 57|1996-10-22 06:43:51.1|  1.0371|  0.1845     |  16.448| 1.793   |
|      06296|GRB 970707-|22 59.1|-12 57|1997-07-07 19:08:32.6|  1.0019|  0.1840     |        |         |
|      03349|4B 950108  |01 10.8|-12 56|1995-01-08 02:04:20.7|  3.2250|  0.2360     |   0.384| 0.091   |
|      07469|GRB 990314 |12 16.0|-12 52|1999-03-14 20:05:12.1|  2.3892|  0.2198     |  18.240| 1.154   |
|      07522|GRB 990420-|02 18.7|-12 50|1999-04-20 15:23:46.8|        |             |        |         |
|      07240|GRB 981130 |23 15.7|-12 50|1998-11-30 00:53:04.9| 12.9959|  0.4681     |   3.072| 0.143   |
|      03899|4B 951107- |12 00.0|-12 49|1995-11-07 07:17:50.4|  0.5120|  0.1750     |  44.384| 9.400   |
|      06091|GRB 970214-|13 17.1|-12 47|1997-02-14 16:01:30.1|  2.1684|  0.2537     |   1.472| 0.640   |
|      07918|GRB 991226 |18 24.2|-12 43|1999-12-26 07:43:45.9|  1.0564|  0.1856     |  65.792|11.212   |
|      02889|4B 940319  |04 35.0|-12 36|1994-03-19 23:57:20.9|  6.6450|  0.3720     |  75.904| 3.138   |
|      02567|4B 931007  |15 48.4|-12 32|1993-10-07 04:24:19.4|        |             |        |         |
|      08072|GRB 000410 |13 59.8|-12 29|2000-04-10 17:17:33.3|  1.8897|  0.2430     |   0.353| 0.069   |
|      00408|4B 910621- |15 07.7|-12 26|1991-06-21 16:16:44.9|  1.5750|  0.2690     |  85.440| 3.105   |
|      01997|4B 921022- |16 55.1|-12 25|1992-10-22 15:20:59.5| 40.3330|  0.8500     |  60.224| 2.305   |
|      06951|GRB 980727-|19 37.6|-12 25|1998-07-27 23:29:34.4|        |             |        |         |
|      02852|4B 940228- |08 31.9|-12 22|1994-02-28 11:29:00.3|  7.1310|  0.4840     |  33.280| 0.091   |
|      03869|4B 951015- |00 12.0|-12 18|1995-10-15 16:27:39.3|  1.2510|  0.2050     |   8.640| 4.369   |
|      07360|GRB 990129-|06 19.7|-12 17|1999-01-29 05:15:50.9|  5.8795|  0.2997     | 130.112| 1.236   |
|      07310|GRB 990108 |04 08.5|-12 07|1999-01-08 08:21:06.4|  1.3524|  0.2261     | 145.664| 3.238   |
|      02598|4B 931021- |23 03.8|-12 07|  1993-10-21 22:13:05|        |             |        |         |
|      00298|4B 910609  |06 52.3|-12 04|1991-06-09 00:48:27.1| 56.1270|  1.2240     |   0.455| 0.065   |
|      06512|GRB 971130-|14 55.3|-12 04|1997-11-30 03:00:31.6|        |             |        |         |
|      08105|GRB 000513-|10 42.9|-12 01|2000-05-13 17:50:53.2|  2.0061|  0.2344     |  11.328| 1.761   |
|      07012|GRB 980821 |08 14.0|-12 00|1998-08-21 17:16:05.7| 25.0271|  0.6990     |  28.352| 0.091   |
|      02142|4B 930122  |03 58.0|-11 56|1993-01-22 12:21:18.8|  1.3140|  0.2600     |   2.063| 0.341   |
|      01379|4B 920209- |21 58.6|-11 50|1992-02-09 16:21:29.6|  0.5920|  0.2260     |        |         |
|      07231|GRB 981126 |05 35.3|-11 49|1998-11-26 08:54:54.9|        |             |        |         |
|      00211|4B 910518- |16 36.1|-11 46|1991-05-18 14:55:25.8|  0.7000|  0.2420     | 292.736| 1.280   |
|      06182|GRB 970415 |02 50.1|-11 46|  1997-04-15 15:47:02|  3.2396|  0.2519     |   3.904| 1.569   |
|      06591|GRB 980207-|21 14.5|-11 45|1998-02-07 18:11:44.5|  1.9052|  0.2230     |   0.773| 0.386   |
|      01819|4B 920814- |15 06.5|-11 39|1992-08-14 13:25:03.2|  2.3330|  0.2720     |  52.992| 0.590   |
|      01587|4B 920507  |18 06.3|-11 35|1992-05-07 01:24:58.6|        |             |        |         |
|      03481|4B 950325- |04 24.9|-11 34|1995-03-25 17:36:31.9| 25.7020|  0.5770     |  40.768| 0.091   |
|      03151|4B 940902- |03 02.6|-11 23|1994-09-02 13:08:18.2|        |             |        |         |
|      06767|GRB 980520 |23 34.8|-11 19|1998-05-20 19:12:15.1|  0.9617|  0.2217     | 218.880|15.515   |
|      02853|4B 940228- |08 24.8|-11 17|1994-02-28 19:45:14.9|  1.0600|  0.2730     |  13.984| 1.056   |
|      05827|GRB 970116 |08 13.8|-11 09|  1997-01-16 11:41:24|        |             |        |         |
|      03458|4B 950305  |13 08.8|-11 07|1995-03-05 15:05:04.9|  9.0400|  0.3670     | 673.824| 2.049   |
|      02440|4B 930711- |17 42.0|-10 59|  1993-07-11 00:51:28|  1.0570|  0.2580     |  62.944| 1.118   |
|      02490|4B 930815  |18 54.4|-10 59|1993-08-15 05:26:42.1|        |             |        |         |
|      03510|4B 950416- |16 03.4|-10 56|1995-04-16 22:52:38.4|  1.7960|  0.1940     |   0.266| 0.218   |
|      02244|4B 930315  |00 01.4|-10 53|1993-03-15 00:49:45.6|  0.5570|  0.2010     | 261.792| 5.410   |
|      08026|GRB 000310-|08 30.0|-10 52|2000-03-10 08:16:41.5|  1.9888|  0.2259     | 327.296| 0.590   |
|      02749|4B 940110- |22 30.4|-10 48|1994-01-10 01:52:23.6|  1.3610|  0.2410     |  17.856| 2.340   |
|      01212|4B 911224- |03 01.7|-10 47|1991-12-24 11:02:57.9|  1.1210|  0.2910     |        |         |
|      03789|4B 950911- |15 07.8|-10 44|1995-09-11 06:32:31.4|  2.4540|  0.2330     |        |         |
|      01731|4B 920730- |16 06.7|-10 42|1992-07-30 21:31:33.9|  2.5050|  0.2960     |  15.808| 1.073   |
|      05634|GRB 961017-|02 28.6|-10 41|1996-10-17 11:16:43.6|  4.2173|  0.2593     |   1.152| 0.091   |
|      01747|4B 920806  |18 59.0|-10 41|1992-08-06 18:09:17.5|  1.9860|  0.2800     |   2.936| 0.346   |
|      01543|4B 920407  |22 45.8|-10 41|1992-04-07 12:03:40.3|        |             |        |         |
|      02606|4B 931026  |03 25.4|-10 34|1993-10-26 11:35:57.3|  2.5620|  0.2980     | 134.688| 1.145   |
|      05542|4B 960716  |03 41.7|-10 32|1996-07-16 02:14:09.1|  1.4990|  0.2290     |  80.000| 9.346   |
|      05516|4B 960624- |11 54.3|-10 28|1996-06-24 02:37:17.9|  0.7320|  0.1940     |  27.680| 3.912   |
|      07405|GRB 990221-|19 51.2|-10 27|1999-02-21 07:53:07.1|        |             |        |         |
|      07884|GRB 991127 |01 05.9|-10 26|1999-11-27 14:54:59.7| 12.0779|  0.3932     |  52.672| 2.049   |
|      02511|4B 930903- |05 54.7|-10 25|  1993-09-03 00:19:29|  2.1380|  0.2620     |  64.288| 8.402   |
|      01126|4B 911128  |22 34.6|-10 22|1991-11-28 08:42:43.9|  1.0800|  0.2680     |  20.288| 1.708   |
|      02897|4B 940329- |13 39.6|-10 20|1994-03-29 18:15:37.9|  3.2160|  0.3280     |  28.032| 1.218   |
|      08121|GRB 000526 |15 25.2|-10 19|2000-05-26 10:01:33.7|  1.3732|  0.1962     |  36.864| 1.793   |
|      00788|4B 910912  |07 18.4|-10 19|1991-09-12 05:56:11.9|  2.3310|  0.2890     |   0.303| 0.027   |
|      01712|4B 920720- |09 39.0|-10 18|1992-07-20 05:52:52.9|  3.2610|  0.3120     | 307.648| 2.382   |
|      07684|GRB 990730-|03 32.1|-10 17|1999-07-30 20:43:23.4|  1.1221|  0.2016     |  76.032|13.825   |
|      03352|4B 950111- |01 18.3|-10 13|1995-01-11 12:18:30.2|  3.8400|  0.2530     |  46.336| 0.730   |
|      02381|4B 930608- |21 33.0|-10 13|1993-06-08 11:29:10.8|  0.7050|  0.2160     |   4.096| 0.792   |
|      06346|GRB 970825 |05 57.0|-10 11|1997-08-25 22:02:59.2|  0.8038|  0.1919     | 136.064| 8.256   |
|      08018|GRB 000306-|04 38.9|-10 10|2000-03-06 12:14:36.6|  6.0212|  0.2931     |   0.128| 0.091   |
|      06606|GRB 980218-|06 02.9|-10 07|1998-02-18 15:12:46.1|  7.1654|  0.2957     |   0.704| 0.389   |
|      07383|GRB 990212 |15 23.4|-10 02|1999-02-12 07:50:25.3|        |             |        |         |
|      02150|4B 930128  |00 43.3|-09 59|1993-01-28 11:02:03.9|        |             |        |         |
|      06221|GRB 970504-|10 29.2|-09 58|1997-05-04 23:30:44.3|        |             |        |         |
|      07272|GRB 981221-|19 06.3|-09 52|1998-12-21 00:59:36.5|        |             |        |         |
|      06490|GRB 971122-|04 50.3|-09 47|1997-11-22 00:56:32.2|  0.6485|  0.1832     |  54.720| 3.851   |
|      02210|4B 930228  |05 17.8|-09 46|1993-02-28 08:11:57.5|        |             |   0.124| 0.014   |
|      07064|GRB 980904-|05 36.7|-09 45|1998-09-04 13:29:37.2|  1.1723|  0.1990     |  41.088| 5.248   |
|      07255|GRB 981211 |22 10.1|-09 44|1998-12-11 20:29:38.9|  5.3910|  0.2919     |  10.304| 0.231   |
|      02823|4B 940214- |23 51.8|-09 38|1994-02-14 09:14:19.5|  1.0320|  0.2390     |   0.176| 0.082   |
|      02824|4B 940214- |06 25.7|-09 37|1994-02-14 11:34:36.9|        |             |        |         |
|      06551|GRB 971230-|20 20.6|-09 32|  1997-12-30 09:04:12|  0.6792|  0.2006     |  59.008| 3.845   |
|      02542|4B 930927  |07 14.4|-09 31|1993-09-27 04:18:07.6|        |             |  45.344| 1.056   |
|      02976|4B 940514  |21 49.4|-09 31|1994-05-14 04:07:45.8|        |             |        |         |
|      07500|GRB 990401 |02 13.1|-09 24|1999-04-01 06:21:54.8|  1.0898|  0.2215     |  35.840| 4.017   |
|      01087|4B 911119- |17 26.5|-09 22|1991-11-19 05:39:27.7|  0.9710|  0.3420     |  27.584| 2.146   |
|      00288|4B 910607- |05 15.0|-09 22|1991-06-07 00:12:07.7|  0.6590|  0.2040     |  41.152| 6.464   |
|      06113|GRB 970304 |14 39.7|-09 20|  1997-03-04 08:04:06|  8.8838|  0.3471     |  37.952| 1.409   |
|      06489|GRB 971121 |12 30.5|-09 19|1997-11-21 12:06:08.9|  2.9545|  0.2510     |  42.432| 0.547   |
|      03032|4B 940616- |14 27.1|-09 16|1994-06-16 23:54:56.3|  3.1840|  0.2990     |  13.120| 1.548   |
|      02441|4B 930711- |00 55.0|-09 05|1993-07-11 03:32:01.8|  0.5300|  0.1950     |  58.400| 4.971   |
|      04757|4B 960206- |13 02.1|-09 04|1996-02-06 04:58:17.2|        |             |        |         |
|      02039|4B 921102- |14 33.2|-09 04|1992-11-02 09:23:17.2|        |             |   1.600| 0.231   |
|      02801|4B 940207- |16 42.5|-09 04|1994-02-07 11:31:36.7|  1.1460|  0.2400     |   0.256| 0.091   |
|      03012|4B 940602- |04 06.1|-08 53|1994-06-02 07:37:34.4|  1.2040|  0.2400     |   9.920| 0.590   |
|      02286|4B 930405- |13 12.7|-08 48|  1993-04-05 08:54:50|        |             |        |         |
|      04469|4B 960119- |13 58.2|-08 42|1996-01-19 17:26:01.7|        |             |        |         |
|      08102|GRB 000511-|19 42.3|-08 42|2000-05-11 18:02:58.7|  0.6401|  0.1752     |  38.976| 5.120   |
|      02273|4B 930329  |11 57.0|-08 39|1993-03-29 03:09:25.7| 18.5930|  0.5500     |   0.224| 0.066   |
|      03070|4B 940710- |17 20.5|-08 37|1994-07-10 09:01:01.5|  1.4340|  0.2740     |  20.704| 1.243   |
|      01615|4B 920520- |20 32.5|-08 36|1992-05-20 09:31:11.8|        |             |        |         |
|      02603|4B 931024  |09 10.5|-08 29|  1993-10-24 13:29:09|  3.3960|  0.3560     |  24.704| 0.326   |
|      06691|GRB 980417-|04 31.2|-08 26|  1998-04-17 16:59:56|        |             |        |         |
|      00404|4B 910621- |21 47.5|-08 26|1991-06-21 01:57:17.5|  1.2180|  0.2300     | 123.392| 3.360   |
|      06397|GRB 970925-|21 47.4|-08 25|1997-09-25 22:43:15.8|  6.0222|  0.3014     |  36.352| 1.026   |
|      03132|4B 940822  |08 57.6|-08 24|1994-08-22 09:26:05.5|  1.2150|  0.2800     |  20.736| 1.282   |
|      02437|4B 930709- |23 27.2|-08 23|1993-07-09 17:26:51.8|  0.6480|  0.2450     |  15.904| 4.346   |
|      00107|4B 910423  |12 53.9|-08 23|1991-04-23 19:54:44.7|  0.4080|  0.2170     | 208.576| 1.118   |
|      06211|GRB 970427-|12 05.4|-08 22|1997-04-27 12:41:59.4|        |             |   0.070| 0.014   |
|      02954|4B 940429- |02 18.0|-08 21|1994-04-29 05:12:46.5|        |             |        |         |
|      02927|4B 940413- |09 03.8|-08 16|1994-04-13 23:42:55.6|  0.7630|  0.2270     |  34.336| 7.938   |
|      02151|4B 930131- |12 08.2|-08 14|1993-01-31 18:57:11.7|167.8410|  2.6300     |  19.200| 2.561   |
|      01692|4B 920710- |22 30.4|-08 14|1992-07-10 00:13:07.6|        |             |        |         |
|      01574|4B 920430- |02 30.4|-08 13|1992-04-30 16:02:50.6|  0.7900|  0.2270     | 107.904| 2.319   |
|      05518|4B 960625  |07 22.4|-08 13|1996-06-25 04:42:26.9|  2.5430|  0.2230     |  51.904| 3.598   |
|      02846|4B 940224  |09 07.8|-08 04|  1994-02-24 16:14:54|  1.7910|  0.3000     |   0.064| 0.011   |
|      05533|4B 960708- |14 47.5|-07 58|1996-07-08 15:05:06.1|  5.1230|  0.3030     |   0.768| 0.091   |
|      06409|GRB 971002-|12 53.5|-07 58|1997-10-02 21:37:12.9|  0.9088|  0.1994     |  17.792| 3.328   |
|      02498|4B 930821  |15 41.3|-07 56|1993-08-21 09:51:38.2|        |             |        |         |
|      05599|GRB 960909 |01 43.5|-07 48|1996-09-09 20:40:42.6|  4.2463|  0.2613     |   0.598| 0.043   |
|      05526|4B 960703- |00 18.5|-07 45|1996-07-03 13:42:53.9|  3.7790|  0.2560     |  72.448| 1.797   |
|      00752|4B 910902  |19 56.3|-07 42|  1991-09-02 22:55:35|  1.1140|  0.2400     |   5.440| 0.516   |
|      06451|GRB 971027 |08 04.5|-07 40|1997-10-27 02:37:53.2|  4.1930|  0.2835     |   3.328| 0.834   |
|      06118|GRB 970311 |14 58.3|-07 39|1997-03-11 01:48:15.9|  0.7401|  0.1691     |  55.808| 6.083   |
|      05316|4B 960323  |21 54.0|-07 37|1996-03-23 13:44:58.2|        |             |   0.072| 0.011   |
|      07335|GRB 990120 |00 40.8|-07 35|1999-01-20 09:33:40.9|  1.8782|  0.2715     |  43.392| 7.127   |
|      01694|4B 920711- |06 14.9|-07 33|1992-07-11 10:28:12.5|  2.4180|  0.2890     |   0.388| 0.158   |
|      08001|GRB 000227 |02 53.3|-07 29|2000-02-27 21:37:38.6|  1.4406|  0.2054     |  75.136| 3.167   |
|      03152|4B 940902- |03 45.3|-07 26|1994-09-02 14:29:52.2| 25.3420|  0.7160     |   1.793| 0.066   |
|      01968|4B 921001- |15 54.9|-07 26|1992-10-01 07:09:40.9|  1.2040|  0.2490     |   0.704| 0.345   |
|      07530|GRB 990425-|22 10.7|-07 25|  1999-04-25 02:19:27| 13.1811|  0.4338     |   2.560| 0.202   |
|      05528|4B 960704  |23 53.2|-07 18|1996-07-04 16:08:36.2|  2.2660|  0.2180     |   0.855| 0.075   |
|      06625|GRB 980302 |02 05.2|-07 17|  1998-03-02 04:59:33|  2.0402|  0.2626     | 111.424| 2.064   |
|      00547|4B 910717- |19 36.6|-07 13|1991-07-17 10:23:03.5|  2.9360|  0.3270     |   0.512| 0.091   |
|      03537|4B 950503  |10 36.6|-07 11|1995-05-03 18:36:10.4|        |             |        |         |
|      06562|GRB 980107 |12 41.0|-07 11|1998-01-07 13:49:19.8|  1.4330|  0.2101     |   1.472| 0.202   |
|      06274|GRB 970616-|01 21.8|-07 07|1997-06-16 18:09:50.3| 15.4408|  0.4893     |  66.176| 0.453   |
|      02311|4B 930420- |16 06.8|-07 05|1993-04-20 18:15:57.1|  0.9300|  0.2480     |  26.400| 5.446   |
|      02322|4B 930430- |23 00.5|-07 04|1993-04-30 23:41:32.9|        |             |        |         |
|      03105|4B 940803- |18 23.4|-06 56|1994-08-03 04:00:02.2|  6.1080|  0.4030     |  27.712| 0.202   |
|      02499|4B 930822- |17 46.4|-06 52|1993-08-22 06:22:31.6|        |             |        |         |
|      05740|GRB 970103 |11 56.3|-06 51|1997-01-03 05:16:33.6|  1.4400|  0.2173     |   1.146| 0.335   |
|      03954|4B 951213  |18 55.9|-06 49|1995-12-13 04:57:32.1|  8.4450|  0.3880     |  29.696| 2.617   |
|      03728|4B 950802  |01 56.7|-06 47|1995-08-02 05:43:17.9|  1.6260|  0.2000     |   0.536| 0.241   |
|      05553|4B 960729  |16 54.5|-06 46|  1996-07-29 01:46:53|        |             |        |         |
|      06521|GRB 971206-|10 44.3|-06 43|1997-12-06 19:20:52.2|  2.3316|  0.2378     |  41.280| 1.032   |
|      06532|GRB 971213 |23 01.4|-06 42|1997-12-13 17:24:13.2|        |             |        |         |
|      03257|4B 941026- |13 43.8|-06 32|1994-10-26 02:52:35.6|  3.2090|  0.2740     |  63.616| 0.834   |
|      02725|4B 940101- |06 16.1|-06 31|1994-01-01 08:21:48.3|  0.6510|  0.2130     |  11.328| 9.089   |
|      03055|4B 940701  |09 40.7|-06 26|1994-07-01 21:46:38.6|  2.0190|  0.3130     |  40.640| 3.078   |
|      02620|4B 931108  |03 58.6|-06 21|1993-11-08 22:51:37.5|  1.4870|  0.3710     |  18.880| 2.376   |
|      03144|4B 940830- |00 07.0|-06 17|1994-08-30 11:37:19.3|  0.4310|  0.2040     |   6.656| 2.515   |
|      07106|GRB 980920 |13 16.7|-06 16|1998-09-20 13:18:50.3|  1.6710|  0.2225     |   0.523| 0.222   |
|      08113|GRB 000521 |00 23.8|-06 15|2000-05-21 09:47:45.8|        |             |        |         |
|      07477|GRB 990316-|06 49.8|-06 12|1999-03-16 12:28:59.5|  4.7121|  0.2948     | 100.544| 1.484   |
|      03294|4B 941123- |13 11.6|-06 12|1994-11-23 19:50:33.2|  2.0560|  0.2310     |   2.389| 0.072   |
|      02641|4B 931118  |01 20.2|-06 10|1993-11-18 11:31:47.5|  0.6780|  0.2240     |   2.304| 0.859   |
|      01550|4B 920412  |15 25.3|-06 08|1992-04-12 20:02:04.8|        |             |        |         |
|      03291|4B 941122- |16 55.1|-06 08|1994-11-22 13:13:36.4|        |             |        |         |
|      06944|GRB 980724-|12 55.7|-00 46|  1998-07-24 20:34:41|  4.2822|  0.2612     |        |         |
|      06522|GRB 971207-|17 39.8|-06 05|1997-12-07 06:27:18.1|  2.8950|  0.2618     | 377.984|13.312   |
|      02352|4B 930524- |23 24.6|-06 01|1993-05-24 17:44:52.9|  0.8330|  0.2150     |   0.960| 0.256   |
|      02329|4B 930506- |04 17.8|-05 58|1993-05-06 14:52:51.5| 42.5730|  0.8950     |  22.144| 0.091   |
|      02345|4B 930517- |01 57.4|-05 58|1993-05-17 19:59:28.9|  2.6270|  0.2860     |  88.960| 5.186   |
|      01086|4B 911118- |16 54.0|-05 55|1991-11-18 23:39:19.5|  0.5910|  0.2430     |  22.592| 4.914   |
|      01472|4B 920310  |07 03.4|-05 55|1992-03-10 14:03:14.4|  1.7760|  0.2480     |  15.744| 0.870   |
|      01760|4B 920808  |17 28.6|-05 47|1992-08-08 03:55:28.8|  5.2780|  0.3570     |   0.576| 0.143   |
|      05419|4B 960411- |09 51.4|-05 44|1996-04-11 05:52:48.8|  3.9000|  0.2640     |  22.784| 1.231   |
|      07825|GRB 991027 |21 43.9|-05 39|  1999-10-27 12:49:37|  0.5676|  0.1621     |   8.640| 2.064   |
|      02681|4B 931206- |17 46.4|-05 37|1993-12-06 17:36:30.1|  1.8560|  0.2580     |  55.456| 1.056   |
|      01641|4B 920609- |13 06.3|-05 35|1992-06-09 08:26:10.4|        |             |        |         |
|      03129|4B 940819  |10 42.0|-05 31|1994-08-19 23:44:34.2|  0.6640|  0.2280     |  20.128| 1.448   |
|      06262|GRB 970609-|04 07.1|-05 30|  1997-06-09 08:14:03|        |             |        |         |
|      07164|GRB 981020 |16 15.7|-05 26|1998-10-20 14:46:32.4|  1.2206|  0.1888     |  22.528| 5.160   |
|      01452|4B 920229- |22 14.7|-05 15|  1992-02-29 15:04:08|  0.8300|  0.3010     |  12.160| 1.012   |
|      05595|GRB 960907-|21 20.4|-05 04|1996-09-07 07:58:34.6|  2.6483|  0.2202     |        |         |
|      07503|GRB 990403-|19 55.5|-05 03|1999-04-03 09:48:02.9|  4.9192|  0.3055     |  86.848| 1.632   |
|      07173|GRB 981022-|07 27.6|-05 02|1998-10-22 23:08:28.7|  2.5426|  0.2272     |   0.966| 0.131   |
|      01197|4B 911219- |14 34.6|-04 50|1991-12-19 21:57:18.1|  1.4490|  0.2580     |  23.744| 2.235   |
|      08087|GRB 000429 |06 40.9|-04 49|2000-04-29 10:07:22.9|  5.8425|  0.3030     | 164.352| 1.032   |
|      06480|GRB 971115-|04 03.6|-04 45|  1997-11-15 19:25:22|        |             |        |         |
|      06389|GRB 970919-|09 21.6|-04 44|1997-09-19 18:14:29.5|  7.0451|  0.3434     |        |         |
|      05633|GRB 961017-|07 40.6|-04 41|1996-10-17 06:08:21.5|  2.3093|  0.2207     |   0.253| 0.033   |
|      07563|GRB 990513-|21 46.9|-04 40|1999-05-13 16:06:11.2|  1.0812|  0.2012     |   7.680| 2.463   |
|      06525|GRB 971207-|08 55.0|-04 35|1997-12-07 20:03:52.9|  5.9896|  0.3387     |  48.320| 0.410   |
|      01480|4B 920314- |16 03.0|-04 34|1992-03-14 06:02:27.7|  2.2670|  0.2940     |        |         |
|      03139|4B 940827- |18 44.2|-04 31|  1994-08-27 05:18:07|  0.7360|  0.2630     |   6.080| 1.404   |
|      03848|4B 951004  |01 28.5|-04 29|1995-10-04 10:23:48.7|        |             |        |         |
|      07475|GRB 990316-|10 08.3|-04 26|1999-03-16 09:40:39.5|  3.8734|  0.2854     |  91.136| 2.415   |
|      04871|4B 960214  |23 22.3|-04 24|1996-02-14 18:37:53.3|  3.5570|  0.2280     |   0.384| 0.091   |
|      06398|GRB 970926-|23 00.5|-04 22|1997-09-26 10:24:42.2|  0.6026|  0.1860     |   1.989| 0.670   |
|      06004|GRB 970203 |00 34.5|-04 18|1997-02-03 18:32:38.3|  1.9993|  0.2055     |  48.448| 1.793   |
|      01524|4B 920328  |21 00.6|-04 18|1992-03-28 21:19:48.3|        |             |  27.392| 1.909   |
|      05429|4B 960417- |03 20.7|-04 16|1996-04-17 03:03:23.7|  2.2180|  0.2380     | 200.192| 3.265   |
|      04569|4B 960124- |15 27.7|-04 14|1996-01-24 21:08:13.9|  2.4420|  0.2240     |   6.080| 1.583   |
|      00907|4B 911016- |20 00.2|-04 10|1991-10-16 11:01:34.2|  3.7440|  0.3430     | 158.080| 1.924   |
|      06975|GRB 980808-|08 12.5|-04 07|1998-08-08 07:50:41.4|        |             |        |         |
|      02944|4B 940423  |00 30.1|-04 05|1994-04-23 23:20:19.8|  1.8000|  0.2810     |   5.184| 0.202   |
|      01708|4B 920718- |01 29.8|-03 59|  1992-07-18 14:40:37|        |             |        |         |
|      01800|4B 920812- |07 55.8|-03 58|1992-08-12 05:33:26.5|        |             |        |         |
|      02988|4B 940524- |09 01.8|-03 56|1994-05-24 06:23:27.6|  7.5270|  0.4050     |   4.672| 0.091   |
|      05418|4B 960411- |02 04.1|-03 52|1996-04-11 02:16:18.4|        |             |        |         |
|      03249|4B 941018- |03 38.4|-03 50|1994-10-18 11:52:37.3|        |             |        |         |
|      06829|GRB 980617-|03 43.8|-03 49|1998-06-17 02:51:51.6|        |             |        |         |
|      07810|GRB 991018 |14 56.1|-03 41|1999-10-18 19:02:41.5|  2.9812|  0.2455     |  58.880| 3.137   |
|      07569|GRB 990516-|16 54.2|-03 38|1999-05-16 23:54:23.4|        |             |        |         |
|      02507|4B 930831  |14 53.2|-03 38|1993-08-31 09:16:05.7|        |             |        |         |
|      02698|4B 931219- |00 49.4|-03 36|1993-12-19 16:34:29.1|        |             |        |         |
|      06673|GRB 980401-|02 21.8|-03 31|1998-04-01 09:11:02.6|  1.0114|  0.2048     |  18.304| 1.857   |
|      05586|4B 960825  |04 15.7|-03 29|1996-08-25 17:27:17.6|        |             |        |         |
|      07520|GRB 990415 |04 47.3|-03 27|1999-04-15 03:01:10.5|  2.3494|  0.2092     |  42.752| 0.891   |
|      07793|GRB 991007 |15 36.7|-03 23|1999-10-07 01:49:27.6|  3.9967|  0.2753     |   1.093| 0.040   |
|      06347|GRB 970826 |11 13.8|-03 22|1997-08-26 09:45:00.7|  1.3000|  0.2114     |   0.448| 0.326   |
|      06263|GRB 970611 |05 13.5|-03 19|  1997-06-11 08:21:31|  7.9971|  0.3146     |   1.984| 0.181   |
|      01556|4B 920418  |10 27.9|+66 53|1992-04-18 22:06:55.3|        |             |        |         |
|      01328|4B 920130- |03 38.4|-03 13|1992-01-30 22:50:02.1|  1.2840|  0.2630     |        |         |
|      03921|4B 951125  |18 29.1|-03 13|1995-11-25 00:31:36.6|  3.5240|  0.2480     |   0.464| 0.161   |
|      03340|4B 950102- |06 32.6|-03 10|1995-01-02 07:36:27.6|  2.8470|  0.2510     |   1.016| 0.421   |
|      02619|4B 931106  |13 07.0|-03 08|1993-11-06 20:32:04.2|  0.9460|  0.2310     | 152.064| 1.002   |
|      03467|4B 950313  |06 23.9|-03 02|1995-03-13 07:37:33.9|  2.9310|  0.2450     |        |         |
|      02943|4B 940422  |16 39.4|-02 54|  1994-04-22 06:07:09|        |             |        |         |
|      05725|GRB 961225 |11 25.2|-02 51|1996-12-25 10:07:15.3| 11.6946|  0.3773     |  40.640| 1.282   |
|      03335|4B 941230- |14 02.7|-02 47|1994-12-30 18:39:44.6|  0.7510|  0.1700     |   1.254| 0.080   |
|      03251|4B 941020- |10 36.0|-02 43|1994-10-20 18:20:00.6|        |             |  49.024| 0.272   |
|      02152|4B 930131- |05 19.3|-02 36|1993-01-31 21:11:11.2|  0.9220|  0.2450     |   4.416| 1.664   |
|      01676|4B 920627- |11 04.1|-02 35|1992-06-27 13:02:36.1| 11.7230|  0.5070     |  52.800| 0.181   |
|      05618|GRB 960929-|03 57.4|-02 29|1996-09-29 00:17:17.3|  1.2084|  0.1940     |  22.144| 1.741   |
|      00451|4B 910627  |13 12.0|-02 29|1991-06-27 04:29:17.7| 17.4570|  0.9470     |  15.168| 2.369   |
|      01704|4B 920717- |01 23.0|-02 19|1992-07-17 15:47:09.6|  0.6520|  0.2220     |   9.664| 0.286   |
|      03476|4B 950320  |18 19.0|-02 13|1995-03-20 00:04:24.8|  0.7410|  0.1930     |   2.432| 0.202   |
|      05566|4B 960806- |12 11.7|-02 11|1996-08-06 22:28:29.8|  1.0970|  0.1910     |  39.840| 2.639   |
|      07744|GRB 990829-|22 34.4|-02 11|  1999-08-29 05:43:40|  2.0733|  0.2193     |  70.016| 2.881   |
|      02881|4B 940314  |23 39.4|-02 08|1994-03-14 09:59:49.1|        |             |  70.336| 1.409   |
|      02615|4B 931101- |08 50.3|-02 03|1993-11-01 23:13:38.2|  2.0480|  0.2710     |   0.028| 0.009   |
|      07695|GRB 990803 |17 14.5|-02 02|1999-08-03 06:29:35.9| 16.9863|  0.4890     |  19.392| 0.202   |
|      06323|GRB 970802-|06 47.9|-01 59|1997-08-02 16:55:01.1|  1.4083|  0.2107     |  20.352| 1.042   |
|      05486|4B 960605- |10 17.0|-01 59|1996-06-05 08:09:52.1| 10.3320|  0.3740     |  86.720| 0.143   |
|      01506|4B 920321- |12 06.4|-01 58|1992-03-21 12:28:19.7|        |             |        |         |
|      02385|4B 930610  |14 07.5|-01 55|1993-06-10 17:52:12.4|  0.6380|  0.2290     |  17.856| 0.951   |
|      03369|4B 950119  |22 41.2|-00 42|1995-01-19 22:18:47.3|  0.9730|  0.1790     |  49.696| 2.176   |
|      03843|4B 951002  |03 04.2|-01 53|1995-10-02 21:33:06.1|  2.5140|  0.2240     |  50.528| 8.010   |
|      05531|4B 960707- |12 37.1|-01 47|1996-07-07 12:24:53.4|  1.8700|  0.2110     |  33.920| 7.495   |
|      07366|GRB 990202-|21 03.4|-01 47|1999-02-02 03:35:32.8|  7.7067|  0.3397     |   0.099| 0.007   |
|      01722|4B 920723- |17 53.2|-01 44|1992-07-23 13:04:12.7|        |             |        |         |
|      03248|4B 941018- |21 56.1|-01 44|1994-10-18 08:36:43.1|  1.0160|  0.1970     |  84.160| 3.165   |
|      06452|GRB 971028 |13 17.0|-01 41|1997-10-28 06:38:51.2|  1.0958|  0.2016     |   0.540| 0.172   |
|      02018|4B 921029- |02 16.6|-01 34|1992-10-29 12:37:56.5|  1.1890|  0.2320     |  16.128| 3.849   |
|      03005|4B 940530  |07 25.7|-01 34|1994-05-30 08:57:38.7|  0.9070|  0.2170     |  26.880| 6.085   |
|      02952|4B 940428  |23 11.0|-01 34|1994-04-28 10:36:32.1|  4.3730|  0.3400     |   0.680| 0.018   |
|      03804|4B 950917- |22 39.5|-01 28|1995-09-17 23:47:39.3|        |             |        |         |
|      08027|GRB 000310-|00 21.6|-01 28|2000-03-10 15:07:14.6|  1.6749|  0.2051     |   1.536| 0.091   |
|      02815|4B 940211- |01 42.5|-01 26|1994-02-11 16:16:25.8|  1.0980|  0.2390     | 131.744| 1.614   |
|      07332|GRB 990119 |15 43.0|-01 25|1999-01-19 14:20:20.1|        |             |        |         |
|      00820|4B 910926- |10 28.8|-01 22|  1991-09-26 04:00:40|  0.7930|  0.2210     |  31.680| 2.146   |
|      02432|4B 930706- |14 00.4|-01 22|1993-07-06 08:09:10.8|  1.4270|  0.2840     |  13.632| 2.369   |
|      02483|4B 930807- |23 27.7|-01 22|1993-08-07 15:52:57.8|        |             |        |         |
|      07812|GRB 991019-|00 33.9|-01 19|1999-10-19 19:46:44.2|  1.3661|  0.2031     |        |         |
|      07213|GRB 981117 |19 39.8|-01 18|1998-11-17 06:48:43.5|  0.8989|  0.1907     |  61.120| 4.036   |
|      07328|GRB 990117-|01 18.6|-01 17|  1999-01-17 07:30:21|  1.3698|  0.2255     |  63.808| 5.505   |
|      07453|GRB 990306-|18 23.6|-01 15|1999-03-06 19:54:19.2|  1.8068|  0.2269     |   0.476| 2.750   |
|      02514|4B 930905- |20 43.8|-01 13|1993-09-05 03:26:30.2| 28.4050|  0.7420     |   0.200| 0.094   |
|      00373|4B 910616  |23 46.9|-01 13|1991-06-16 10:39:24.8|  1.0890|  0.2670     |   1.536| 0.091   |
|      05420|4B 960412  |17 43.2|-01 11|  1996-04-12 21:55:02|  0.5610|  0.1720     |  51.552| 5.850   |
|      02389|4B 930612- |23 08.4|-01 05|1993-06-12 08:53:57.9|  3.9140|  0.3290     |        |         |
|      06228|GRB 970510-|00 51.4|-00 50|1997-05-10 18:28:39.8|  0.6746|  0.1949     |  30.400| 8.192   |
|      02500|4B 930822- |14 12.4|-00 41|  1993-08-22 14:44:52|  1.4670|  0.2450     |  70.912| 1.350   |
|      02521|4B 930910- |10 30.9|-00 35|1993-09-10 08:04:02.6|        |             |        |         |
|      03642|4B 950612  |16 56.4|-00 29|1995-06-12 16:29:42.4|  6.8310|  0.3150     |   0.704| 0.091   |
|      03156|4B 940905  |18 45.2|-00 28|1994-09-05 22:15:47.1|  0.6440|  0.2150     | 300.000| 1.319   |
|      01142|4B 911202- |15 43.5|-00 24|1991-12-02 23:51:31.4|  1.2290|  0.2520     |        |         |
|      01660|4B 920620- |00 19.4|-00 22|1992-06-20 18:57:01.7|  1.9190|  0.3090     |  53.888| 0.345   |
|      08112|GRB 000520 |15 39.0|-00 19|2000-05-20 11:15:35.8|  0.8958|  0.1837     |  14.976| 3.586   |
|      05529|4B 960705  |01 57.8|-00 17|1996-07-05 00:49:43.2|  4.2300|  0.2900     |   1.015| 0.129   |
|      00133|4B 910501  |08 26.2|-00 14|1991-05-01 08:20:14.1|  0.8080|  0.2420     | 182.016| 0.916   |
|      06880|GRB 980627-|10 38.8|-00 14|1998-06-27 04:20:29.8|  1.2666|  0.1970     |  10.688| 1.409   |
|      01196|4B 911219- |23 37.0|-00 10|1991-12-19 09:02:14.1|  0.7310|  0.2140     | 162.944| 4.040   |
|      03246|4B 941017- |13 49.5|-00 08|1994-10-17 16:24:16.8|  1.2890|  0.1830     |  54.464| 4.164   |
|      03788|4B 950909  |14 25.4|-00 07|1995-09-09 23:44:12.5|  5.2770|  0.2920     |  65.728| 1.733   |
|      03800|4B 950916- |00 52.7|-00 04|1995-09-16 09:51:06.9|  0.7500|  0.1730     |  22.016| 0.689   |
|      03114|4B 940809  |10 23.5|-00 03|1994-08-09 07:29:20.8|  0.7720|  0.2090     |   0.896| 0.264   |
|      02788|4B 940128- |11 05.5|-00 03|1994-01-28 05:45:33.2|  1.8550|  0.2570     |   0.872| 0.049   |
|      01192|4B 911217- |01 55.6|+00 02|1991-12-17 22:39:58.1|  0.7820|  0.2310     |  42.240| 9.663   |
|      07290|GRB 981231-|06 02.5|+00 02|1998-12-31 01:08:05.3|  3.4757|  0.2595     |   6.287| 1.408   |
|      06689|GRB 980416 |06 23.0|+00 03|  1998-04-16 06:08:15|  2.7415|  0.2447     |   0.192| 0.022   |
|      05515|4B 960623- |23 56.0|+00 03|1996-06-23 18:10:43.5|  1.0700|  0.2080     |  49.728| 6.213   |
|      02834|4B 940219  |04 14.0|+00 07|1994-02-19 04:26:45.8|  8.7980|  0.4430     |   0.680| 0.011   |
|      06699|GRB 980422 |17 42.8|+00 08|1998-04-22 15:40:12.9|        |             |        |         |
|      03026|4B 940611  |04 36.2|+00 10|1994-06-11 23:51:12.3|  1.1610|  0.2470     |  11.008| 1.498   |
|      07487|GRB 990321 |02 49.0|+00 14|1999-03-21 19:49:07.7|  1.3035|  0.2057     |  14.848| 3.777   |
|      02460|4B 930724- |05 03.7|+00 14|1993-07-24 15:42:29.1|  1.2880|  0.2340     |   4.352| 0.453   |
|      06651|GRB 980321 |02 49.0|+07 35|1998-03-21 06:06:11.7|        |             |        |         |
|      02115|4B 930103- |13 19.6|+00 16|  1993-01-03 01:15:30|  2.8950|  0.2790     |   0.508| 0.029   |
|      03097|4B 940727  |10 18.2|+00 17|1994-07-27 11:06:17.6|        |             |        |         |
|      00222|4B 910523- |07 08.0|+00 22|1991-05-23 19:03:24.5|  4.5380|  0.3640     |  73.088| 0.466   |
|      02371|4B 930603  |08 04.6|+00 25|1993-06-03 13:43:59.4|  5.0180|  0.3460     |  18.112| 0.202   |
|      05433|4B 960418- |11 22.0|+00 25|1996-04-18 01:41:44.5|  3.1340|  0.2440     |  75.968| 2.207   |
|      03598|4B 950524  |12 25.6|+00 27|1995-05-24 04:08:19.1|  4.7880|  0.2790     |   6.080| 2.244   |
|      02862|4B 940305- |17 18.8|+00 28|1994-03-05 15:49:31.2|  0.9470|  0.2350     |  41.824| 3.178   |
|      06395|GRB 970924 |19 11.4|+00 31|1997-09-24 13:50:23.5|  0.7390|  0.2417     |  18.048| 8.000   |
|      07997|GRB 000225 |07 22.2|+00 32|  2000-02-25 01:35:29|  1.2207|  0.1865     |  16.704| 2.998   |
|      02776|4B 940124  |05 58.4|+00 32|1994-01-24 13:58:00.9|  0.7040|  0.2220     |   1.953| 1.312   |
|      07495|GRB 990330-|04 05.6|+00 41|1999-03-30 04:39:51.6|  0.9923|  0.1886     |   0.839| 0.260   |
|      02614|4B 931101- |15 53.3|+00 47|1993-11-01 03:10:20.6| 10.4860|  0.5150     |   0.296| 0.057   |
|      02950|4B 940426  |01 31.2|+00 54|1994-04-26 05:29:55.6|  1.4070|  0.2610     |  27.584| 2.440   |
|      01588|4B 920508  |00 24.8|+00 58|1992-05-08 03:58:24.8|  2.9360|  0.2980     |   0.384| 0.091   |
|      02197|4B 930217  |07 51.1|+00 59|1993-02-17 14:44:38.4|  1.2630|  0.2240     |  39.936| 3.051   |
|      01970|4B 921002- |08 54.6|+00 59|1992-10-02 11:29:23.1|        |             |        |         |
|      01697|4B 920714- |12 36.3|+01 01|1992-07-14 05:06:28.6|        |             |        |         |
|      05565|4B 960806- |21 19.9|+01 02|1996-08-06 16:18:33.3|  1.3760|  0.1950     |  12.832| 2.176   |
|      00228|4B 910526- |07 26.2|+01 03|1991-05-26 03:32:24.2|  1.3320|  0.2650     |  12.352| 2.695   |
|      05475|4B 960527  |12 24.3|+01 05|1996-05-27 15:48:42.3|  2.7170|  0.2200     |  72.800| 5.033   |
|      06682|GRB 980407 |07 00.0|+01 07|1998-04-07 18:16:57.1|  1.6693|  0.2269     |   0.110| 0.028   |
|      05465|4B 960518  |08 42.5|+01 08|1996-05-18 12:43:04.8|  0.7180|  0.1810     |   3.904| 6.145   |
|      03935|4B 951207  |12 38.7|+01 09|1995-12-07 13:28:10.2|  0.7420|  0.1790     |  27.232| 4.136   |
|      01406|4B 920216- |10 27.7|+01 10|1992-02-16 22:18:20.3|  2.1020|  0.2720     |  19.968| 0.547   |
|      07301|GRB 990104-|08 39.8|+01 11|1999-01-04 16:02:33.7| 86.5344|  0.9337     | 174.464| 0.202   |
|      07660|GRB 990718 |19 07.7|+01 20|1999-07-18 12:06:51.9|  1.6798|  0.2951     | 131.456| 2.064   |
|      02449|4B 930719- |14 08.7|+01 22|1993-07-19 11:17:47.2|  1.2510|  0.2530     |   0.208| 0.058   |
|      07754|GRB 990906 |03 53.3|+01 23|1999-09-06 17:49:40.6|  3.1508|  0.2343     |   0.174| 0.004   |
|      07369|GRB 990204 |02 06.2|+01 25|1999-02-04 00:24:30.2|  1.7237|  0.2462     | 103.680| 6.859   |
|      06580|GRB 980125-|06 28.6|+01 29|1998-01-25 10:21:06.3|  3.2826|  0.2559     |   2.816| 1.154   |
|      06558|GRB 980103-|08 55.4|+01 29|1998-01-03 16:01:11.4|        |             |        |         |
|      00686|4B 910816- |11 30.4|+01 29|1991-08-16 14:50:43.4|  1.1100|  0.2850     |  11.136| 0.730   |
|      01988|4B 921013  |05 49.0|+01 32|1992-10-13 20:32:32.3|        |             |        |         |
|      06351|GRB 970829 |15 04.2|+01 32|1997-08-29 09:29:38.8|  1.0215|  0.1949     |  36.096| 2.312   |
|      04146|4B 951227  |04 34.4|+01 35|1995-12-27 22:00:00.9|  1.1000|  0.2050     |  42.592| 4.098   |
|      03171|4B 940917  |06 05.6|+01 39|1994-09-17 17:16:03.6|  0.9630|  0.2770     |  57.216| 0.979   |
|      07481|GRB 990318 |16 19.6|+01 39|1999-03-18 03:14:42.3|  1.7493|  0.2120     |  18.240| 2.233   |
|      07170|GRB 981021-|23 48.6|+01 40|1998-10-21 23:08:12.3| 14.4239|  0.4326     |  99.584| 0.264   |
|      02125|4B 930110- |06 39.4|+01 43|1993-01-10 01:51:38.7| 15.4290|  0.5640     |   0.223| 0.013   |
|      07706|GRB 990810-|23 52.3|+01 44|1999-08-10 07:24:53.4|  4.6361|  0.2989     |   0.118| 0.028   |
|      06601|GRB 980214-|15 16.6|+01 47|1998-02-14 12:14:34.7|  1.7351|  0.2411     | 269.440| 8.577   |
|      06176|GRB 970414-|07 26.0|+01 50|1997-04-14 07:14:32.8|  0.6663|  0.1695     |  14.144| 1.484   |
|      05413|4B 960408  |05 40.2|+01 53|1996-04-08 22:12:27.5|  2.0720|  0.2100     |        |         |
|      06753|GRB 980511 |04 28.0|+01 56|1998-05-11 01:55:28.6|  0.6374|  0.1742     |   4.544| 0.362   |
|      07770|GRB 990918 |17 28.3|+01 58|1999-09-18 05:33:14.9|  5.6884|  0.4175     |   4.992| 0.516   |
|      02121|4B 930106- |00 24.3|+02 00|1993-01-06 15:37:39.4|        |             |  16.256| 1.026   |
|      07707|GRB 990810-|21 42.3|+02 04|1999-08-10 17:49:49.2|  1.3080|  0.2255     |  74.176| 4.128   |
|      03939|4B 951209  |09 15.7|+02 09|1995-12-09 19:38:05.7|  1.9980|  0.2100     |   1.717| 0.066   |
|      06148|GRB 970330-|20 18.4|+02 16|1997-03-30 14:11:14.8|  0.7335|  0.1820     |        |         |
|      08099|GRB 000508-|05 59.6|+02 23|2000-05-08 21:30:19.3|  8.5515|  0.3528     |  15.488| 1.196   |
|      01128|4B 911129- |21 46.7|+02 29|1991-11-29 09:56:51.2|  0.8740|  0.2210     |   0.295| 0.030   |
|      02161|4B 930203- |15 09.7|+02 30|1993-02-03 11:22:28.8|  1.9260|  0.2730     |   0.177| 0.083   |
|      05472|4B 960524- |10 43.3|+02 36|1996-05-24 09:05:26.7|  2.1340|  0.2180     |  55.136| 2.698   |
|      03503|4B 950412  |21 09.4|+02 39|1995-04-12 00:48:04.3|  1.3510|  0.2000     |  26.400| 2.073   |
|      06428|GRB 971013-|11 08.1|+02 40|1997-10-13 08:43:23.7|        |             |  12.288| 5.514   |
|      06162|GRB 970407-|11 37.1|+02 40|1997-04-07 11:55:54.8|        |             |        |         |
|      05614|GRB 960924 |02 29.1|+02 42|1996-09-24 11:41:50.7|183.3700|  1.6228     |   5.312| 0.091   |
|      00130|4B 910430  |09 03.2|+02 44|1991-04-30 17:08:39.1|  3.9260|  0.3690     |  61.952| 0.500   |
|      07295|GRB 990102-|13 33.9|+02 44|1999-01-02 13:51:58.5|  3.4959|  0.3462     |  73.792|12.290   |
|      07550|GRB 990506-|09 21.0|+02 47|  1999-05-06 23:53:56|  2.7569|  0.2483     |   8.768| 1.797   |
|      08077|GRB 000417 |14 49.6|+02 56|2000-04-17 23:35:07.5|  1.7861|  0.2305     |   1.664| 0.453   |
|      01667|4B 920624  |04 30.2|+03 03|1992-06-24 04:31:36.6|  0.5950|  0.2060     |  27.200| 2.127   |
|      07594|GRB 990603-|17 35.0|+03 04|1999-06-03 19:19:00.6|        |             |        |         |
|      02890|4B 940321  |10 41.3|+03 06|1994-03-21 22:05:07.4|  3.0080|  0.2830     |  51.584| 3.014   |
|      02363|4B 930601- |06 22.2|+03 12|  1993-06-01 06:10:56|        |             |        |         |
|      03762|4B 950815  |17 31.2|+03 13|1995-08-15 21:14:43.8|        |             |        |         |
|      03173|4B 940918  |04 22.1|+03 13|1994-09-18 14:51:14.8| 14.9040|  0.5810     |   0.208| 0.025   |
|      01289|4B 920110- |10 39.5|+03 14|1992-01-10 11:04:11.4|  2.3600|  0.3170     |   0.681| 0.043   |
|      03512|4B 950418  |06 09.6|+03 16|1995-04-18 23:16:35.6|  5.0920|  0.2950     |  29.824| 1.537   |
|      05432|4B 960417- |15 11.2|+03 16|1996-04-17 21:00:53.8|        |             |        |         |
|      06892|GRB 980703-|15 12.0|+03 16|1998-07-03 13:48:28.8|  2.2577|  0.2521     | 108.352| 2.625   |
|      06927|GRB 980716 |06 36.8|+03 17|1998-07-16 09:09:17.2|  2.1883|  0.2460     |        |         |
|      00568|4B 910722  |08 23.2|+03 19|1991-07-22 11:38:46.2|  2.6470|  0.4060     |   0.119| 0.045   |
|      06322|GRB 970802-|14 20.3|+03 19|1997-08-02 03:25:28.2|  3.4603|  0.2381     |   4.864| 0.143   |
|      02520|4B 930910- |10 40.8|+03 20|1993-09-10 07:39:39.2|        |             |        |         |
|      08111|GRB 000519 |23 04.1|+03 20|2000-05-19 08:18:07.7|  4.3311|  0.2834     |  14.592| 1.218   |
|      06523|GRB 971207-|06 20.3|+03 23|1997-12-07 10:24:53.5|  1.8978|  0.2352     |  36.288| 2.347   |
|      02447|4B 930715  |14 52.1|+03 23|1993-07-15 15:01:19.1|  0.8150|  0.2450     |  64.288| 1.541   |
|      06443|GRB 971021 |09 48.1|+03 25|1997-10-21 17:08:17.2|  1.6448|  0.1952     |   6.592| 2.113   |
|      03128|4B 940817  |18 43.4|+03 28|1994-08-17 08:40:15.8| 12.7470|  0.5100     |  32.192| 0.143   |
|      06986|GRB 980811 |17 47.2|+03 31|1998-08-11 06:45:08.2|        |             |        |         |
|      05459|4B 960513  |05 08.5|+03 32|1996-05-13 22:17:39.7|  1.4100|  0.2090     |   0.336| 0.145   |
|      03311|4B 941205  |08 25.0|+03 32|1994-12-05 08:15:36.6|        |             |        |         |
|      07457|GRB 990308-|12 36.7|+03 33|1999-03-08 05:15:07.4|  2.0242|  0.2507     | 106.048|11.953   |
|      02680|4B 931206- |06 58.4|+03 34|1993-12-06 08:41:29.8|  0.9670|  0.2550     |   5.376| 0.143   |
|      07273|GRB 981221-|18 54.7|+03 37|1998-12-21 02:30:57.5|        |             |        |         |
|      07784|GRB 991002 |01 40.6|+03 45|1999-10-02 22:49:03.4| 10.2891|  0.3467     |   1.918| 1.995   |
|      08097|GRB 000508-|13 30.9|+03 47|2000-05-08 00:28:27.5|  0.6819|  0.1969     |   1.002| 0.160   |
|      03758|4B 950812  |03 52.1|+03 47|1995-08-12 15:42:08.6|        |             |        |         |
|      03328|4B 941226  |09 13.0|+03 55|1994-12-26 23:52:29.1|  0.7480|  0.1810     |        |         |
|      07774|GRB 990925-|15 14.4|+04 07|1999-09-25 05:41:33.2|        |             |        |         |
|      06520|GRB 971206-|07 51.4|+04 08|1997-12-06 12:51:17.3|  0.4795|  0.1704     |  69.504| 3.543   |
|      02616|4B 931103- |21 16.4|+04 10|1993-11-03 06:21:02.5|        |             |        |         |
|      03160|4B 940909  |03 42.7|+04 10|1994-09-09 05:02:19.6|  1.0550|  0.2380     |   3.072| 1.433   |
|      02350|4B 930523  |00 59.2|+04 13|1993-05-23 19:40:53.5|        |             |        |         |
|      03781|4B 950908- |05 41.8|+04 19|1995-09-08 02:04:47.7|        |             |        |         |
|      07305|GRB 990105 |20 26.4|+04 20|1999-01-05 08:49:49.2| 14.8166|  0.4119     |   3.099| 0.448   |
|      01422|4B 920220  |22 54.6|+04 23|1992-02-20 13:00:32.2|  2.2400|  0.3400     |        |         |
|      08045|GRB 000320 |05 29.9|+04 26|2000-03-20 08:15:27.5|  0.8535|  0.1966     |  44.160| 5.096   |
|      03100|4B 940728- |19 24.9|+04 27|1994-07-28 14:06:40.3|  1.5540|  0.2660     |  45.248| 0.410   |
|      02831|4B 940217- |01 56.3|+04 33|1994-02-17 23:02:42.1| 44.3370|  1.0780     | 150.144| 0.143   |
|      07514|GRB 990408 |17 14.1|+04 34|1999-04-08 09:34:31.3|  2.5975|  0.2384     |   6.336| 1.793   |
|      02917|4B 940409  |17 42.4|+04 36|1994-04-09 00:09:49.5|  0.6080|  0.2200     |  11.872| 2.764   |
|      06542|GRB 971221 |04 55.0|+04 41|1997-12-21 12:13:35.5|  2.8753|  0.2525     |   1.024| 0.202   |
|      03094|4B 940724  |01 37.4|+04 44|  1994-07-24 23:16:30|  1.4680|  0.2850     |   0.432| 0.087   |
|      07608|GRB 990616 |05 36.9|+04 45|1999-06-16 10:40:50.9|  1.0416|  0.1958     | 151.360|23.896   |
|      07988|GRB 000213 |09 07.1|+04 48|  2000-02-13 21:52:39|  5.1041|  0.3167     |   0.413| 0.214   |
|      07693|GRB 990802-|18 36.8|+04 57|1999-08-02 19:08:16.3|        |             |        |         |
|      07971|GRB 000126-|07 52.0|+05 02|2000-01-26 23:26:29.6|        |             |        |         |
|      06789|GRB 980527-|13 09.6|+05 03|  1998-05-27 13:41:13|        |             |        |         |
|      07110|GRB 980922-|17 15.8|+05 04|  1998-09-22 05:42:13|  1.0125|  0.1881     |  78.208|11.013   |
|      03668|4B 950716  |06 23.8|+05 05|1995-07-16 23:02:30.7|  3.3100|  0.2950     |   0.176| 0.100   |
|      06205|GRB 970424-|03 37.9|+05 08|1997-04-24 04:28:05.8|  2.3038|  0.2027     |   2.176| 0.802   |
|      07376|GRB 990207 |14 23.7|+05 08|1999-02-07 00:57:27.5|  0.6160|  0.1801     |   9.216| 1.846   |
|      06702|GRB 980424 |06 13.3|+05 11|1998-04-24 01:32:03.2|  2.3640|  0.2384     |  44.736| 1.548   |
|      07009|GRB 980820 |20 45.3|+05 12|1998-08-20 10:24:46.8| 13.7030|  0.5976     |   0.192| 0.091   |
|      03378|4B 950129- |16 58.5|+05 20|1995-01-29 18:15:58.9|  0.8680|  0.1850     |   9.728| 0.842   |
|      02213|4B 930302  |06 01.3|+05 26|1993-03-02 21:33:17.6|  4.6630|  0.3740     |  61.888| 0.320   |
|      01637|4B 920608  |01 27.2|+05 43|1992-06-08 14:26:08.9|  0.7250|  0.2130     |   4.736| 3.078   |
|      03751|4B 950810  |02 01.5|+05 46|1995-08-10 03:00:08.5|  2.4860|  0.2320     |   0.535| 0.264   |
|      06590|GRB 980207-|06 45.1|+05 48|1998-02-07 04:44:12.4|  1.6369|  0.2239     | 114.112| 2.084   |
|      02077|4B 921205  |22 36.5|+05 48|1992-12-05 00:32:28.3|  0.6510|  0.1980     |  62.528| 4.984   |
|      03061|4B 940706- |03 39.6|+05 52|1994-07-06 05:58:58.5|        |             |        |         |
|      01741|4B 920804- |04 33.0|+05 53|1992-08-04 16:38:53.4|  3.2660|  0.3050     |   0.578| 0.128   |
|      07582|GRB 990525 |17 54.6|+05 54|1999-05-25 00:23:00.1|        |             |        |         |
|      01636|4B 920607  |18 58.9|+05 56|  1992-06-07 19:54:35|  1.5140|  0.2430     |   2.048| 0.272   |
|      03036|4B 940621- |14 16.3|+05 59|  1994-06-21 02:14:30|  0.8480|  0.2320     |   4.544| 1.537   |
|      03812|4B 950921- |05 51.0|+06 00|1995-09-21 11:26:59.8|        |             |        |         |
|      02502|4B 930824  |17 01.0|+06 02|  1993-08-24 06:15:50|  1.9670|  0.2500     |   0.512| 0.051   |
|      03644|4B 950620  |03 02.9|+06 08|1995-06-20 00:44:33.9|  6.8580|  0.3240     |   0.776| 0.033   |
|      07633|GRB 990705-|05 25.4|+06 10|1999-07-05 13:25:58.1|        |             |        |         |
|      04350|4B 960113  |15 21.1|+06 12|1996-01-13 15:33:43.8|  3.5210|  0.2470     |  52.000| 1.073   |
|      07790|GRB 991005-|22 49.3|+06 12|  1999-10-05 10:49:26|  1.3105|  0.2156     | 144.640| 2.347   |
|      06283|GRB 970628-|01 36.2|+06 13|1997-06-28 07:22:52.5|  0.6760|  0.1900     |  15.616| 1.223   |
|      02850|4B 940226- |23 17.1|+06 17|1994-02-26 19:55:18.6|  0.9240|  0.2080     |   2.240| 0.202   |
|      02423|4B 930701- |19 54.9|+06 20|1993-07-01 00:31:51.4|  0.7080|  0.2220     |  11.520| 0.724   |
|      05493|4B 960612  |01 29.0|+06 20|1996-06-12 05:42:32.4|  1.1830|  0.1930     |  70.944| 1.145   |
|      06204|GRB 970423 |19 23.6|+06 25|1997-04-23 17:18:13.7|  2.5805|  0.2473     |   3.136| 1.026   |
|      07641|GRB 990709-|07 46.0|+06 26|1999-07-09 11:48:36.2|        |             |        |         |
|      00647|4B 910807  |10 15.4|+06 29|1991-08-07 07:20:32.8|  7.1540|  0.5290     |  59.584| 0.580   |
|      07710|GRB 990814-|10 57.3|+06 37|1999-08-14 21:40:24.1|  1.6871|  0.2311     |   1.016| 0.556   |
|      03879|4B 951020  |23 45.7|+06 38|1995-10-20 11:57:53.7|  1.7610|  0.2060     |  30.880| 7.680   |
|      08063|GRB 000402 |22 54.1|+06 39|2000-04-02 14:30:58.6|  4.2365|  0.2761     | 106.624| 3.393   |
|      07486|GRB 990320-|00 22.8|+06 42|1999-03-20 23:01:59.4|  1.3013|  0.2320     |  22.016| 6.467   |
|      07711|GRB 990816 |12 31.9|+06 42|1999-08-16 02:44:43.1|  3.9712|  0.2609     |  20.928| 2.177   |
|      08022|GRB 000307 |05 54.0|+06 48|  2000-03-07 21:50:47|  8.5928|  0.3829     |  22.528| 0.916   |
|      02020|4B 921030- |05 44.6|+06 52|1992-10-30 01:16:31.5|        |             |        |         |
|      01976|4B 921004  |13 56.4|+06 52|1992-10-04 18:48:41.7|        |             |        |         |
|      01121|4B 911126  |10 39.2|+06 56|1991-11-26 12:48:47.7| 11.7820|  0.6180     |        |         |
|      02984|4B 940520  |21 34.0|+06 56|1994-05-20 00:21:38.7|  5.8820|  0.3710     |  32.832| 2.347   |
|      03782|4B 950908- |11 54.8|+06 57|  1995-09-08 08:26:22|  1.3090|  0.1790     |   0.160| 0.029   |
|      03217|4B 941005- |16 46.0|+07 01|1994-10-05 04:04:38.7|  1.1800|  0.1790     |  44.832| 1.541   |
|      01396|4B 920214  |02 38.7|+07 08|1992-02-14 17:16:02.5|  1.7860|  0.2980     |  20.992| 0.410   |
|      02736|4B 940103  |17 51.6|+07 08|1994-01-03 22:12:56.3|  5.3840|  0.4130     |   5.065| 0.193   |
|      06295|GRB 970707-|12 47.9|+07 23|1997-07-07 02:10:55.6|  1.9151|  0.2236     | 180.480|19.611   |
|      06166|GRB 970408-|11 11.9|+07 23|1997-04-08 05:57:29.7|  2.4362|  0.2873     |   0.192| 0.143   |
|      03241|4B 941014- |02 06.6|+07 26|1994-10-14 09:20:08.1| 13.8450|  0.3950     |  45.440| 0.091   |
|      02408|4B 930622- |08 49.5|+07 26|1993-06-22 03:28:15.5|  0.7090|  0.2230     |        |         |
|      03722|4B 950801  |09 12.5|+07 31|  1995-08-01 07:56:19|  2.4790|  0.2240     |   0.384| 0.091   |
|      05512|4B 960623- |12 03.1|+07 35|1996-06-23 01:18:48.5|  3.7320|  0.2770     |  90.336|13.096   |
|      00444|4B 910626  |08 53.5|+07 43|1991-06-26 07:15:13.5| 28.5590|  0.7680     |   0.256| 0.091   |
|      01721|4B 920723- |05 43.2|+07 47|1992-07-23 01:00:34.9|        |             |        |         |
|      05434|4B 960418- |06 04.5|+07 55|1996-04-18 04:13:50.7|  0.9500|  0.2030     |  35.040| 3.117   |
|      02253|4B 930317  |00 11.0|+07 59|1993-03-17 15:57:53.9|  2.7460|  0.2810     |  19.648| 0.143   |
|      00717|4B 910823  |07 02.6|+08 04|1991-08-23 21:01:24.5|  0.5300|  0.2360     |  37.184| 4.971   |
|      07924|GRB 991229-|21 11.5|+08 08|1999-12-29 12:08:41.5|  0.6312|  0.1585     |  64.704|13.745   |
|      01120|4B 911125  |12 15.7|+08 14|1991-11-25 22:49:14.1|  0.4400|  0.2400     |   9.088| 3.923   |
|      05570|4B 960810- |00 20.6|+08 17|1996-08-10 23:10:59.1|        |             |        |         |
|      07087|GRB 980913 |00 35.0|+08 18|1998-09-13 05:33:04.1|  1.4001|  0.1969     |  54.592| 7.428   |
|      03146|4B 940831  |18 00.9|+08 19|  1994-08-31 13:05:16|  0.9900|  0.2730     |   1.963| 0.763   |
|      02357|4B 930528  |05 59.2|+08 20|1993-05-28 12:19:14.1|  2.3810|  0.2670     |   0.424| 0.051   |
|      06154|GRB 970403-|03 02.5|+08 21|1997-04-03 15:53:17.8|  1.3694|  0.1900     |  49.344| 1.154   |
|      02599|4B 931022  |16 36.2|+08 22|1993-10-22 10:00:09.9|  1.8790|  0.3010     |   0.176| 0.062   |
|      02891|4B 940323  |14 15.6|+08 22|1994-03-23 22:04:38.4|  9.1500|  0.4720     |  60.736| 0.771   |
|      00467|4B 910629- |04 14.1|+08 24|1991-06-29 19:55:48.3|  8.9980|  0.5140     |  37.696| 3.777   |
|      03080|4B 940715- |09 12.4|+08 24|1994-07-15 16:13:13.8|  1.2020|  0.2270     |  48.608| 1.900   |
|      06265|GRB 970612-|18 10.5|+08 25|1997-06-12 07:18:31.2|  4.9233|  0.2723     |   0.199| 0.074   |
|      05638|GRB 961020 |04 55.0|+08 26|1996-10-20 02:51:39.6|  0.9717|  0.1853     |   0.824| 0.439   |
|      06686|GRB 980413 |06 14.4|+08 31|1998-04-13 20:52:38.2|  0.8251|  0.2341     |  65.472| 6.781   |
|      07802|GRB 991013 |08 15.8|+08 34|1999-10-13 20:38:04.5|  1.0221|  0.1780     | 124.736|27.136   |
|      06953|GRB 980728 |08 30.5|+08 36|1998-07-28 16:58:04.4|  1.1753|  0.1964     |        |         |
|      06189|GRB 970417-|03 46.1|+08 37|1997-04-17 14:20:59.5|  1.4807|  0.2154     |   8.192| 1.032   |
|      07595|GRB 990603-|19 53.5|+08 37|1999-06-03 23:09:28.8|  1.8781|  0.2154     |   0.787| 0.477   |
|      03164|4B 940910- |14 57.1|+08 37|1994-09-10 21:45:17.5|  0.8680|  0.2350     |   7.488| 0.854   |
|      03853|4B 951007  |13 36.9|+08 40|1995-10-07 01:16:08.8|  3.3060|  0.3540     |  91.264|14.020   |
|      07374|GRB 990206-|16 29.6|+08 45|1999-02-06 05:10:26.8|  4.6678|  0.3052     |  12.160| 1.026   |
|      07912|GRB 991219 |20 10.6|+08 47|1999-12-19 18:30:21.2|  3.1071|  0.2565     |   1.856| 0.707   |
|      06145|GRB 970329-|11 19.0|+08 48|1997-03-29 13:05:41.6|  2.9669|  0.2651     |   0.460| 0.103   |
|      02187|4B 930212  |02 33.4|+08 53|1993-02-12 11:29:56.9|  0.5050|  0.2530     |  22.528| 2.290   |
|      02896|4B 940329- |12 00.0|+08 55|1994-03-29 11:50:35.7| 10.4410|  0.4770     |   0.456| 0.033   |
|      07805|GRB 991015 |00 46.6|+08 56|1999-10-15 06:38:57.3|  0.9168|  0.2123     |   2.688| 1.484   |
|      02780|4B 940126- |08 43.9|+09 02|1994-01-26 07:50:19.5|  1.8810|  0.2730     |  53.632| 1.665   |
|      05425|4B 960415- |14 22.4|+09 05|1996-04-15 15:52:53.1|  3.0110|  0.2370     |        |         |
|      03134|4B 940823- |02 46.6|+09 09|1994-08-23 03:16:56.4|  0.6780|  0.2380     |  13.472| 1.639   |
|      06693|GRB 980419 |08 57.0|+09 14|1998-04-19 14:26:10.8|  2.4166|  0.2144     |   0.283| 0.017   |
|      02608|4B 931030- |02 16.6|+09 16|  1993-10-30 07:25:24|  1.0920|  0.2210     |  29.472| 1.145   |
|      07289|GRB 981230 |02 54.8|+09 19|  1998-12-30 22:29:56|        |             |   0.878| 0.582   |
|      02586|4B 931014- |18 10.0|+09 20|1993-10-14 17:01:01.7| 10.1930|  0.4510     |  12.864| 0.264   |
|      01962|4B 920928  |21 31.1|+09 23|1992-09-28 17:51:18.6|        |             |        |         |
|      03654|4B 950629  |05 32.5|+09 28|1995-06-29 10:17:16.7|  3.2420|  0.2800     |  11.872| 1.494   |
|      03473|4B 950317- |04 58.7|+09 32|  1995-03-17 20:01:57|        |             |   0.128| 0.091   |
|      02129|4B 930113- |21 53.3|+09 32|1993-01-13 00:09:02.3|  0.8080|  0.2170     |  12.416| 0.932   |
|      05534|4B 960708- |20 28.1|+09 48|1996-07-08 20:09:32.4|  5.1230|  0.2940     |        |         |
|      03245|4B 941017- |20 06.2|+09 49|1994-10-17 10:19:33.9| 14.0860|  0.4360     |  77.056| 0.091   |
|      06683|GRB 980409 |13 45.5|+09 50|1998-04-09 02:08:32.2|  5.2185|  0.2930     |   9.280| 0.389   |
|      02709|4B 931225- |00 19.4|+09 52|1993-12-25 23:20:12.2|  2.1280|  0.2730     |  18.496| 0.905   |
|      03028|4B 940614  |10 35.6|+09 53|1994-06-14 12:27:31.9|  1.6020|  0.2690     |   4.285| 2.468   |
|      02303|4B 930414  |20 45.7|+09 55|1993-04-14 02:27:15.7|        |             |        |         |
|      05476|4B 960528  |19 27.4|+22 02|1996-05-28 02:14:22.7|  2.7890|  0.2360     |  21.888| 1.993   |
|      01664|4B 920622- |23 07.2|+10 01|1992-06-22 12:54:21.3| 10.4750|  0.4920     |   3.520| 1.296   |
|      01661|4B 920620- |10 48.5|+10 02|1992-06-20 22:53:23.9|  0.5300|  0.2070     |  36.672| 2.336   |
|      02958|4B 940503  |10 44.0|+10 04|1994-05-03 05:07:44.6|  3.9390|  0.3860     |  36.896| 1.175   |
|      06867|GRB 980624-|12 21.5|+10 04|  1998-06-24 11:58:24|  0.9203|  0.2016     |   0.768| 0.326   |
|      02319|4B 930426- |04 31.3|+10 08|1993-04-26 12:40:32.4|        |             |        |         |
|      07792|GRB 991006-|06 49.5|+10 13|1999-10-06 18:56:41.2|  0.9304|  0.2134     |        |         |
|      08035|GRB 000313-|13 11.6|+10 15|2000-03-13 21:13:04.1|  1.5479|  0.2360     |   0.768| 0.458   |
|      06087|GRB 970211-|16 08.4|+10 15|1997-02-11 14:53:31.3|        |             |        |         |
|      02538|4B 930924  |20 54.8|+10 19|1993-09-24 01:02:55.1|        |             |        |         |
|      02114|4B 930102  |14 42.2|+10 28|1993-01-02 11:15:59.2|  0.9960|  0.2330     |   7.168| 0.779   |
|      05546|4B 960722- |15 15.3|+10 29|1996-07-22 00:27:01.2|  1.0770|  0.2200     |   3.776| 2.796   |
|      01291|4B 920110- |23 50.8|+10 33|  1992-01-10 22:21:39|  2.2830|  0.2900     |  15.296| 0.834   |
|      03868|4B 951015- |10 21.0|+10 35|1995-10-15 12:53:02.8|  1.7500|  0.1960     |   0.128| 0.091   |
|      01211|4B 911224- |17 03.8|+10 37|1991-12-24 06:05:44.2|  2.0840|  0.3040     |   0.763| 0.536   |
|      02513|4B 930903- |13 25.3|+10 38|1993-09-03 12:52:37.4|  0.9460|  0.2440     |   1.408| 0.202   |
|      06117|GRB 970308 |11 06.2|+10 39|1997-03-08 04:39:20.5|  1.7106|  0.2347     |   0.711| 0.063   |
|      01446|4B 920227- |16 04.0|+10 39|  1992-02-27 17:46:16|  0.6150|  0.2240     |  33.536| 5.971   |
|      07429|GRB 990226-|16 17.9|+10 40|1999-02-26 08:34:46.1|  3.6964|  0.2815     |  17.856| 0.143   |
|      06165|GRB 970408-|10 50.5|+10 41|1997-04-08 02:06:15.2|  0.8040|  0.2053     |  68.032| 7.241   |
|      03491|4B 950403- |02 25.6|+10 43|1995-04-03 13:19:47.4| 30.6540|  0.6240     |  13.952| 0.091   |
|      06569|GRB 980112-|17 47.9|+10 43|1998-01-12 14:15:44.7|  1.6213|  0.2124     |   0.936| 0.079   |
|      07662|GRB 990719 |14 58.0|+10 52|1999-07-19 14:12:03.4|  0.8287|  0.1881     |  23.232| 5.069   |
|      05508|4B 960621- |23 48.8|+10 52|1996-06-21 02:20:12.4|  1.3980|  0.2110     | 488.704| 6.213   |
|      01039|4B 911111- |14 32.4|+10 52|1991-11-11 03:59:43.7|  1.6210|  0.2410     |  42.688| 6.919   |
|      07906|GRB 991216 |05 11.8|+10 53|1999-12-16 16:07:01.4| 91.4818|  1.0537     |  15.168| 0.091   |
|      06709|GRB 980426-|06 24.2|+82 11|1998-04-26 17:29:13.1|        |             |        |         |
|      03074|4B 940713  |09 55.7|+10 54|1994-07-13 10:49:41.3|  0.5500|  0.2020     |  43.200| 4.250   |
|      02931|4B 940414- |19 38.5|+10 57|1994-04-14 23:57:27.1|  0.9280|  0.2580     |  46.496| 2.347   |
|      03045|4B 940624- |01 36.0|+10 59|1994-06-24 19:21:52.5|        |             |        |         |
|      08031|GRB 000312-|06 24.8|+11 02|2000-03-12 20:50:50.7|        |             |        |         |
|      06213|GRB 970429-|15 01.6|+11 02|1997-04-29 07:11:49.3|        |             |        |         |
|      01073|4B 911117- |15 02.9|+11 12|1991-11-17 04:35:41.1|  2.7060|  0.3330     |   0.512| 1.090   |
|      03031|4B 940616- |23 06.7|+11 13|1994-06-16 19:57:20.4|        |             |        |         |
|      06368|GRB 970907-|23 07.6|+11 16|1997-09-07 03:15:38.9|  7.2454|  0.3372     |   0.896| 0.326   |
|      07776|GRB 990925-|22 53.2|+11 23|1999-09-25 22:49:22.9|        |             |        |         |
|      02141|4B 930121- |01 34.5|+11 34|1993-01-21 12:12:12.3|        |             |        |         |
|      02990|4B 940524- |10 30.7|+11 34|1994-05-24 09:29:59.2|  0.4940|  0.2520     |  11.232| 4.120   |
|      07901|GRB 991211-|14 21.0|+11 43|1999-12-11 04:34:41.5|  5.1084|  0.3023     |   0.512| 0.202   |
|      02220|4B 930305- |06 25.8|+11 45|1993-03-05 10:49:17.1|  2.2280|  0.2620     |   0.951| 0.322   |
|      01301|4B 920116- |09 21.0|+11 47|1992-01-16 02:54:17.7|  0.3490|  0.2220     |        |         |
|      07648|GRB 990712-|18 45.4|+11 47|1999-07-12 18:55:16.7|  1.7769|  0.2094     |  31.616| 3.137   |
|      02858|4B 940304  |19 14.4|+11 47|1994-03-04 12:50:58.8|  0.6380|  0.2070     |        |         |
|      06679|GRB 980404-|00 00.0|+11 48|1998-04-04 18:54:50.2|  8.6231|  0.3519     |   1.408| 0.091   |
|      03640|4B 950611- |09 48.8|+11 53|1995-06-11 13:06:09.8|  2.6660|  0.2190     |   0.228| 0.036   |
|      07528|GRB 990424-|10 31.9|+11 55|1999-04-24 08:16:14.6|  1.0898|  0.2248     |  95.744|19.069   |
|      01973|4B 921002- |15 27.8|+11 59|1992-10-02 23:51:00.9|        |             |   0.448| 0.202   |
|      00906|4B 911016- |21 09.7|+11 59|1991-10-16 05:52:49.7|  2.7960|  0.3670     |   0.398| 0.020   |
|      06891|GRB 980703-|23 56.3|+12 01|1998-07-03 04:22:45.2|  2.9310|  0.2648     | 411.648| 9.273   |
|      03135|4B 940823- |06 44.3|+12 14|1994-08-23 10:31:57.6|  0.8470|  0.2590     |  49.248| 1.361   |
|      03040|4B 940623- |16 27.5|+12 15|1994-06-23 05:25:46.5|  1.8680|  0.2610     |  25.984| 2.497   |
|      06500|GRB 971125-|20 17.9|+12 19|1997-11-25 18:54:48.5|        |             |        |         |
|      05080|4B 960229- |23 52.9|+12 24|1996-02-29 23:56:04.9|  4.5230|  0.2540     |   9.536| 0.231   |
|      07188|GRB 981104 |06 57.4|+12 25|1998-11-04 02:16:00.2|        |             |        |         |
|      02879|4B 940312- |07 55.1|+13 43|1994-03-12 18:24:26.2|  1.4730|  0.2320     |   0.176| 0.169   |
|      05537|4B 960713- |08 40.5|+12 28|1996-07-13 17:15:23.2|  0.9860|  0.1950     |   0.448| 0.091   |
|      05557|4B 960731- |02 55.7|+12 31|1996-07-31 05:46:01.7|  2.1240|  0.2280     |        |         |
|      07277|GRB 981223 |12 47.8|+12 31|  1998-12-23 12:11:15|  7.4412|  0.3141     |        |         |
|      07803|GRB 991014 |06 46.4|+12 33|1999-10-14 21:52:34.6|  2.5830|  0.2555     |   4.352| 0.326   |
|      02035|4B 921031- |19 38.2|+12 43|1992-10-31 18:00:05.5|  2.5260|  0.2870     |   5.056| 0.771   |
|      06561|GRB 980106 |07 08.0|+12 47|1998-01-06 13:16:11.9|        |             |        |         |
|      06435|GRB 971015-|17 42.8|+12 55|1997-10-15 03:49:42.8|  0.8755|  0.2294     |  42.496| 4.352   |
|      03448|4B 950301  |20 31.8|+12 55|1995-03-01 21:02:41.3|  2.3980|  0.2270     | 331.232|10.801   |
|      03087|4B 940717- |07 19.2|+12 56|1994-07-17 03:24:29.7| 18.6880|  0.5800     |   1.152| 0.091   |
|      06242|GRB 970526 |00 04.5|+12 56|1997-05-26 01:52:42.2|  4.2949|  0.2688     |  77.824| 1.946   |
|      01519|4B 920325- |23 26.3|+12 56|1992-03-25 17:17:35.9|        |             |        |         |
|      02980|4B 940516  |11 42.1|+12 58|1994-05-16 08:12:13.8|  0.8240|  0.2250     |   2.884| 0.925   |
|      02287|4B 930405- |13 20.2|+13 01|1993-04-05 13:59:50.7|  2.0960|  0.2730     | 461.984| 2.347   |
|      06243|GRB 970529 |10 23.3|+13 03|1997-05-29 15:04:25.3|  1.4034|  0.2057     |  35.392| 2.009   |
|      00753|4B 910903  |15 53.4|+13 06|1991-09-03 09:45:00.3|  0.6740|  0.2200     |  18.240| 2.084   |
|      02462|4B 930725  |17 48.6|+13 07|1993-07-25 15:27:50.4|        |             |        |         |
|      02849|4B 940226- |02 11.0|+13 11|1994-02-26 04:39:46.1|  0.9480|  0.2510     |   1.261| 0.702   |
|      01682|4B 920630  |23 51.1|+13 12|1992-06-30 05:23:56.6|        |             |        |         |
|      02362|4B 930531  |22 40.2|+13 15|1993-05-31 15:53:38.1|  3.7540|  0.3010     |  45.328| 0.840   |
|      03773|4B 950901- |21 05.6|+13 23|1995-09-01 11:12:20.1|  0.5070|  0.1590     | 107.424| 3.962   |
|      06617|GRB 980228-|01 38.0|+13 26|1998-02-28 06:44:07.3|        |             |        |         |
|      07452|GRB 990306-|21 00.0|+13 27|1999-03-06 16:46:30.1|  0.7777|  0.2159     |  89.920| 9.102   |
|      01561|4B 920420  |21 22.0|+13 27|1992-04-20 06:52:22.5|  0.8910|  0.2300     |  22.656| 1.895   |
|      03279|4B 941110- |20 12.3|+13 31|  1994-11-10 14:47:51|  1.2820|  0.1890     |  41.056| 1.954   |
|      03109|4B 940806- |16 09.5|+13 39|1994-08-06 09:32:56.9|  1.5540|  0.2710     |  34.496| 1.087   |
|      03941|4B 951211- |03 54.6|+13 44|1995-12-11 13:38:19.4|  0.6300|  0.1860     |  52.096| 9.447   |
|      06358|GRB 970903-|01 10.4|+13 53|1997-09-03 11:38:49.1|        |             |   1.856| 0.202   |
|      01882|4B 920829  |12 09.1|+14 02|1992-08-29 12:11:39.8|        |             |        |         |
|      03750|4B 950809  |03 24.4|+14 04|1995-08-09 23:52:25.3|        |             |        |         |
|      05655|GRB 961105 |18 14.2|+14 04|1996-11-05 12:44:09.3|  1.4768|  0.2073     |   6.208| 0.659   |
|      01390|4B 920212  |02 32.8|+14 06|1992-02-12 04:13:46.5|  0.3600|  0.2310     |  17.728| 2.580   |
|      03342|4B 950103  |18 49.2|+14 06|1995-01-03 16:10:19.4|  1.4290|  0.1890     |   0.116| 0.020   |
|      07965|GRB 000123-|21 12.3|+14 06|2000-01-23 13:49:41.2|        |             |  43.520| 7.491   |
|      00577|4B 910725- |18 12.7|+14 08|1991-07-25 13:12:06.5|  0.9310|  0.2450     | 179.840| 7.697   |
|      01311|4B 920123  |05 39.0|+14 15|1992-01-23 11:34:54.8|  0.4790|  0.2430     |        |         |
|      00121|4B 910429  |11 39.0|+14 20|1991-04-29 03:11:49.8|  1.7930|  0.2700     |  75.008| 1.280   |
|      02810|4B 940209  |00 06.0|+14 21|1994-02-09 20:00:01.7|  0.9990|  0.2240     |   2.410| 0.202   |
|      07615|GRB 990620-|00 24.4|+14 21|1999-06-20 13:37:07.8|  0.6625|  0.1776     |  26.688| 4.635   |
|      01723|4B 920724  |07 50.1|+14 22|1992-07-24 17:09:10.9|        |             |        |         |
|      02582|4B 931013- |14 06.2|+14 23|1993-10-13 16:53:58.9|        |             |        |         |
|      06615|GRB 980225 |08 24.7|+14 26|1998-02-25 08:29:24.1|  2.6167|  0.2597     | 127.744|11.815   |
|      04701|4B 960201  |23 52.2|+14 28|1996-02-01 21:48:43.3|  7.4990|  0.3450     |  74.688| 0.320   |
|      01036|4B 911110  |20 25.6|+14 34|1991-11-10 18:56:22.6|  1.0380|  0.2540     | 100.096| 2.319   |
|      06787|GRB 980527-|07 13.6|+14 35|1998-05-27 06:55:28.9|  2.9192|  0.2724     |   0.768| 0.202   |
|      07455|GRB 990307 |01 16.8|+14 35|1999-03-07 10:49:43.7|  2.0034|  0.2295     |   2.120| 0.070   |
|      03358|4B 950115- |02 35.8|+14 37|1995-01-15 06:53:11.5|  1.2410|  0.2270     |  25.024| 3.338   |
|      01975|4B 921003- |05 41.7|+14 37|1992-10-03 22:41:56.9|        |             |        |         |
|      00869|4B 911005  |15 43.2|+14 44|1991-10-05 07:37:44.8|  3.5450|  0.4280     | 110.464| 0.572   |
|      02138|4B 930120  |17 25.2|+14 44|1993-01-20 23:31:40.3|  7.0840|  0.3940     |  77.248| 8.400   |
|      02948|4B 940425- |21 31.8|+14 53|1994-04-25 12:14:23.4|  0.8150|  0.2230     | 101.216| 4.284   |
|      05572|4B 960813- |05 59.3|+14 55|  1996-08-13 05:46:10|  7.1860|  0.2980     |  20.096| 0.771   |
|      07498|GRB 990331 |00 11.1|+19 26|1999-03-31 05:13:21.7|        |             |        |         |
|      03648|4B 950624- |11 01.5|+14 59|1995-06-24 23:21:24.4|  5.9070|  0.3100     |  57.088| 1.860   |
|      02863|4B 940306  |20 03.3|+15 06|1994-03-06 03:37:13.1|  2.0060|  0.2720     |  42.624| 2.210   |
|      03059|4B 940704- |01 50.8|+15 07|1994-07-04 03:28:06.6|        |             |        |         |
|      06720|GRB 980503 |07 43.8|+15 07|1998-05-03 02:06:28.6|  0.9367|  0.1717     |  40.256| 5.284   |
|      05427|4B 960415- |00 10.6|+15 07|1996-04-15 21:41:28.9|  1.8650|  0.1980     |        |         |
|      00501|4B 910708  |00 48.4|+15 07|1991-07-08 09:41:40.6|  1.1470|  0.2380     |  33.728| 1.988   |
|      07838|GRB 991103 |21 23.8|+15 08|1999-11-03 18:42:40.5|  1.6105|  0.1971     |  66.048| 2.176   |
|      05387|4B 960331- |18 19.2|+15 11|  1996-03-31 00:47:10|  1.4500|  0.1950     |  43.200| 1.797   |
|      06139|GRB 970327-|23 15.5|+15 24|1997-03-27 03:19:55.8|  0.7650|  0.2167     |  30.656| 2.817   |
|      00332|4B 910612  |22 28.3|+15 25|1991-06-12 08:49:15.9|  1.2380|  0.2250     |  50.624| 4.418   |
|      07902|GRB 991211-|01 09.4|+15 27|1999-12-11 14:14:06.8|  0.7670|  0.1948     |  47.104|10.631   |
|      01319|4B 920128  |06 26.9|+15 43|1992-01-28 03:11:27.9|  0.7850|  0.2530     |        |         |
|      02844|4B 940223  |01 12.6|+15 44|1994-02-23 08:00:13.7|  0.8150|  0.2320     |   2.752| 0.264   |
|      06090|GRB 970214-|22 39.2|+15 45|1997-02-14 10:46:24.7|  4.0103|  0.2860     |   6.080| 0.202   |
|      07976|GRB 000201-|09 20.3|+15 55|2000-02-01 03:02:09.9|  3.3295|  0.2586     |  94.976| 3.206   |
|      02136|4B 930116  |16 28.0|+15 55|  1993-01-16 02:47:02|        |             |        |         |
|      02529|4B 930913- |10 17.3|+15 55|1993-09-13 17:35:14.7|  1.0680|  0.2440     |   0.256| 0.091   |
|      01885|4B 920901  |17 26.6|+16 04|1992-09-01 06:06:15.7|  0.8830|  0.2120     |  61.632| 3.477   |
|      02283|4B 930404  |02 02.0|+16 06|1993-04-04 05:25:44.1|  0.9930|  0.2130     |   2.240| 0.326   |
|      07377|GRB 990208-|20 12.3|+16 08|  1999-02-08 01:04:11|  0.7029|  0.2056     | 212.352|14.474   |
|      02510|4B 930902- |06 52.5|+16 09|1993-09-02 21:27:58.9|  0.9240|  0.2240     |  15.552| 2.057   |
|      06914|GRB 980710 |05 41.2|+16 10|1998-07-10 04:28:07.8|  0.7655|  0.2264     |  77.312| 8.960   |
|      02340|4B 930514- |22 56.8|+16 25|  1993-05-14 16:57:27|  1.7740|  0.2430     |  22.464| 0.091   |
|      01726|4B 920727  |21 38.1|+16 26|1992-07-27 11:59:05.9|        |             |        |         |
|      02592|4B 931019- |03 52.9|+16 26|  1993-10-19 09:45:28|        |             |        |         |
|      07602|GRB 990610-|20 26.5|+20 52|1999-06-10 22:08:47.9|  3.2646|  0.2361     |   4.268| 1.792   |
|      02217|4B 930304  |05 17.3|+16 26|  1993-03-04 08:38:42|  3.5630|  0.3140     |   0.656| 0.029   |
|      06620|GRB 980301-|23 14.0|+16 27|1998-03-01 07:45:41.6|  1.1902|  0.2182     | 128.128| 6.903   |
|      06029|GRB 970206 |11 20.0|+16 34|1997-02-06 00:13:18.4|        |             |        |         |
|      03215|4B 941003- |07 02.4|+16 36|1994-10-03 17:01:32.7| 13.3370|  0.3960     |   0.640| 0.091   |
|      06536|GRB 971218-|07 44.7|+16 40|1997-12-18 16:45:17.4|  0.7582|  0.2212     |   6.784| 1.590   |
|      04898|4B 960216  |23 41.8|+16 45|1996-02-16 16:03:16.2|        |             |        |         |
|      01792|4B 920811- |06 45.3|+16 50|1992-08-11 05:17:54.1|        |             |        |         |
|      01456|4B 920301  |22 56.7|+16 50|1992-03-01 11:34:22.1|  0.7830|  0.2530     |  47.872| 2.851   |
|      07451|GRB 990306-|18 52.5|+16 51|1999-03-06 12:13:09.8|  1.0401|  0.2160     |  18.752| 5.505   |
|      07999|GRB 000226-|22 00.1|+16 53|2000-02-26 10:12:52.6|  0.7217|  0.1862     |   0.527| 0.043   |
|      00594|4B 910730- |20 55.5|+16 56|1991-07-30 22:27:14.2|  1.0520|  0.2160     |  26.880| 0.286   |
|      05543|4B 960717  |00 28.1|+16 58|1996-07-17 04:36:00.8|  0.8700|  0.2040     |        |         |
|      08084|GRB 000421 |11 39.6|+16 59|2000-04-21 12:23:34.4|  1.9502|  0.2289     |  82.176| 3.078   |
|      03073|4B 940712  |14 36.8|+16 59|1994-07-12 00:55:39.8|  1.8130|  0.2830     |   0.056| 0.006   |
|      02309|4B 930418- |22 12.6|+17 05|1993-04-18 22:44:07.7|  1.8230|  0.2470     |  20.480| 0.202   |
|      06190|GRB 970417-|02 46.1|+17 07|1997-04-17 15:47:04.5|  0.9885|  0.1973     |  43.328| 2.996   |
|      04388|4B 960115  |15 14.3|+17 07|1996-01-15 17:21:32.4|  1.2880|  0.2600     |  71.040| 2.499   |
|      00825|4B 910927- |12 08.2|+17 08|  1991-09-27 03:25:47|  0.5290|  0.2220     |  74.880| 3.035   |
|      02046|4B 921110- |10 21.4|+17 11|1992-11-10 09:27:53.2|        |             |        |         |
|      02110|4B 921230- |01 18.1|+17 13|  1992-12-30 08:57:51|  4.9260|  0.3780     |  18.752| 0.771   |
|      06234|GRB 970517-|22 14.3|+17 19|1997-05-17 00:18:59.4|  0.6291|  0.1798     |  89.664|28.097   |
|      05719|GRB 961220 |00 27.6|+17 20|  1996-12-20 05:21:51|  1.9291|  0.2090     |   9.792| 0.834   |
|      02030|4B 921031- |13 39.9|+17 20|1992-10-31 04:09:14.1|        |             |        |         |
|      01693|4B 920710- |03 35.4|+17 20|1992-07-10 22:13:25.2|  0.9150|  0.2840     |  10.496| 3.724   |
|      01440|4B 920226- |18 05.0|+17 28|1992-02-26 08:15:28.5| 12.4580|  0.5730     |  24.384| 1.032   |
|      02304|4B 930415  |01 56.1|+17 32|1993-04-15 09:19:48.9|  0.8850|  0.2160     |  54.304| 2.522   |
|      01076|4B 911117- |18 42.2|+17 36|1991-11-17 14:48:49.7|  6.1850|  0.4350     |   0.161| 0.016   |
|      02901|4B 940331- |04 20.5|+17 38|  1994-03-31 20:59:36|  0.8480|  0.2350     |  28.416| 3.274   |
|      06690|GRB 980417-|20 02.4|+17 46|1998-04-17 06:30:39.5|  2.5012|  0.2565     |        |         |
|      03611|4B 950531  |18 18.8|+17 47|1995-05-31 10:39:45.3|  0.8590|  0.1770     |   3.520| 0.771   |
|      05453|4B 960507  |05 16.9|+17 53|1996-05-07 23:35:59.7|  1.0030|  0.1820     |   0.985| 0.324   |
|      02190|4B 930214- |17 01.4|+17 59|1993-02-14 04:08:17.8|  2.0040|  0.2660     | 135.872| 7.191   |
|      01630|4B 920530  |10 50.7|+18 08|1992-05-30 22:59:55.1|        |             |        |         |
|      02665|4B 931128- |09 30.6|+18 13|1993-11-28 17:04:12.9|  2.1020|  0.3100     |  30.592| 2.435   |
|      06672|GRB 980401-|08 22.8|+18 16|  1998-04-01 04:31:54|  5.5950|  0.2888     |  27.904| 1.601   |
|      06399|GRB 970926-|09 17.7|+18 17|1997-09-26 20:21:45.4|  2.1652|  0.2271     |  14.528| 1.557   |
|      06222|GRB 970505 |17 39.4|+18 25|1997-05-05 01:29:18.3|  0.8947|  0.1875     |  33.856| 3.586   |
|      06436|GRB 971015-|18 40.0|+18 37|1997-10-15 08:27:39.4| 17.3594|  0.5227     |   6.208| 3.781   |
|      03887|4B 951030- |07 03.3|+18 43|1995-10-30 08:39:38.4|        |             |        |         |
|      05773|GRB 970111 |15 25.0|+18 44|1997-01-11 09:44:00.2| 15.2090|  0.4640     |  31.488| 0.231   |
|      05407|4B 960403- |14 06.3|+18 54|1996-04-03 08:37:02.8|  0.9450|  0.1900     |  75.968| 3.668   |
|      06339|GRB 970818 |21 18.9|+18 59|1997-08-18 18:07:07.7|  1.4596|  0.2276     |  15.232| 0.231   |
|      07769|GRB 990917 |21 21.2|+19 05|1999-09-17 20:12:27.8|  2.1314|  0.2578     | 164.224| 0.516   |
|      02581|4B 931013- |11 16.9|+19 07|1993-10-13 14:57:59.1|  1.9470|  0.2720     | 104.352| 5.473   |
|      03200|4B 940928  |10 15.5|+19 08|1994-09-28 08:37:59.6|        |             |        |         |
|      07573|GRB 990518-|15 41.0|+19 12|1999-05-18 01:27:03.9|  1.1137|  0.2003     |  51.520|11.143   |
|      07464|GRB 990311 |02 55.8|+19 15|1999-03-11 22:11:45.5|  5.7970|  0.3144     |  41.088| 2.199   |
|      02002|4B 921023- |14 57.8|+19 16|1992-10-23 10:26:38.7|        |             |        |         |
|      03593|4B 950522- |07 18.2|+19 17|1995-05-22 23:41:23.2|  7.9880|  0.3640     |  59.072| 1.921   |
|      06897|GRB 980705 |21 20.8|+19 21|1998-07-05 18:29:21.8|        |             |        |         |
|      00659|4B 910809- |13 01.7|+19 22|1991-08-09 06:15:00.2|  1.1960|  0.2360     | 102.080| 2.146   |
|      05524|4B 960702- |07 14.6|+19 26|1996-07-02 00:59:09.9|  0.5700|  0.1700     |  42.912| 4.596   |
|      02281|4B 930401- |22 39.7|+19 27|1993-04-01 09:58:09.2|        |             |        |         |
|      03359|4B 950115- |21 09.8|+19 28|  1995-01-15 23:39:38|  3.0120|  0.2500     |   0.344| 0.025   |
|      03385|4B 950131  |01 11.6|+19 32|1995-01-31 11:35:35.9|        |             |        |         |
|      07654|GRB 990715-|15 16.2|+19 34|1999-07-15 12:43:06.9|  0.9339|  0.2110     |  68.928| 3.482   |
|      06141|GRB 970328-|00 08.1|+19 35|1997-03-28 03:56:56.8|  1.6711|  0.2178     |  62.656| 6.481   |
|      04939|4B 960219  |17 04.5|+19 37|1996-02-19 19:52:20.4|  1.4100|  0.1830     |  20.064| 1.900   |
|      07652|GRB 990714 |15 24.8|+19 40|1999-07-14 18:13:48.2|        |             |        |         |
|      06229|GRB 970511 |00 02.0|+19 41|1997-05-11 15:00:07.9|        |             |  26.368| 0.962   |
|      02715|4B 931229- |16 00.2|+19 42|1993-12-29 07:16:05.9| 10.4740|  0.4990     |   0.384| 0.091   |
|      03242|4B 941014- |10 59.1|+19 44|1994-10-14 23:15:16.8|  2.9200|  0.2310     |   8.576| 0.143   |
|      05409|4B 960403- |07 07.9|+19 49|1996-04-03 17:38:25.1|  1.1130|  0.1870     |  70.400| 5.322   |
|      07948|GRB 000113 |10 53.1|+19 53|2000-01-13 09:30:02.4|  0.7658|  0.1705     | 231.872| 5.916   |
|      05612|GRB 960923-|05 53.1|+20 00|1996-09-23 19:46:45.6|  0.5075|  0.1723     |  73.152| 6.915   |
|      01948|4B 920920  |10 02.3|+20 01|1992-09-20 01:13:39.2|        |             |        |         |
|      02205|4B 930219- |20 09.6|+20 01|  1993-02-19 20:54:06|  0.9370|  0.2310     |   1.152| 0.607   |
|      06680|GRB 980405 |22 37.4|+20 04|1998-04-05 10:58:36.6|        |             |        |         |
|      06226|GRB 970509 |12 49.5|+20 06|1997-05-09 13:23:26.5|  2.9329|  0.2469     |  63.040| 4.839   |
|      00929|4B 911025- |13 58.6|+20 10|1991-10-25 01:54:03.2|  1.1530|  0.2230     |   0.801| 0.100   |
|      07157|GRB 981015-|08 06.2|+20 11|1998-10-15 12:59:26.8|        |             |        |         |
|      06641|GRB 980315-|05 03.4|+20 22|1998-03-15 02:49:57.9|  2.7254|  0.2346     |   2.624| 0.345   |
|      03486|4B 950327- |18 17.6|+20 28|1995-03-27 23:47:51.6|  1.4840|  0.1960     |  67.776| 1.118   |
|      06744|GRB 980508-|22 16.3|+20 28|1998-05-08 04:07:28.8|        |             |        |         |
|      07703|GRB 990807 |22 34.4|+20 31|  1999-08-07 21:55:46|  2.4081|  0.2700     |  73.536| 2.009   |
|      05704|GRB 961202 |22 26.7|+20 33|1996-12-02 18:31:01.3| 43.9272|  0.7262     |  10.048| 0.143   |
|      01459|4B 920302- |22 47.7|+20 40|1992-03-02 06:16:24.9|  0.6300|  0.2290     |        |         |
|      07028|GRB 980828 |09 45.6|+20 44|1998-08-28 19:38:05.8| 17.4540|  0.5931     |  22.208| 0.916   |
|      04761|4B 960206- |15 24.8|+20 50|1996-02-06 12:49:22.1|        |             |        |         |
|      02688|4B 931209- |17 18.2|+20 50|1993-12-09 23:11:51.4|  1.2260|  0.2450     |  35.712| 4.610   |
|      02321|4B 930430- |07 05.3|+20 58|1993-04-30 15:01:18.6|  8.4070|  0.4210     |   8.384| 0.580   |
|      06111|GRB 970302-|18 23.7|+21 01|1997-03-02 18:42:25.1|  1.0722|  0.1776     |  53.632| 7.040   |
|      02074|4B 921203  |15 34.5|+21 02|1992-12-03 21:44:22.9|  1.6480|  0.2500     |  83.584| 2.127   |
|      02860|4B 940305- |15 11.6|+21 05|1994-03-05 09:01:28.3|  2.9820|  0.3060     |   1.463| 0.068   |
|      02101|4B 921217  |05 55.6|+21 14|1992-12-17 19:34:35.4|  0.7240|  0.2050     |  30.208| 1.336   |
|      02825|4B 940214- |12 41.4|+21 17|1994-02-14 16:46:00.3|  0.6010|  0.3100     |  32.096|11.685   |
|      02267|4B 930326- |09 15.3|+21 20|1993-03-26 05:05:42.8|  1.1090|  0.2270     |  14.080| 0.730   |
|      00973|4B 911031- |18 58.2|+21 20|1991-10-31 09:36:20.5|  5.7070|  0.4050     |  89.984| 2.120   |
|      01388|4B 920210- |21 47.5|+21 21|1992-02-10 22:52:16.6|  1.6040|  0.3030     |        |         |
|      06115|GRB 970306 |01 13.4|+21 22|1997-03-06 02:47:39.5|  2.5049|  0.2473     | 122.496|13.514   |
|      00824|4B 910926- |23 04.3|+21 22|1991-09-26 18:25:56.8|  0.7120|  0.2430     |  40.128| 1.747   |
|      02570|4B 931008- |02 51.9|+21 22|1993-10-08 07:18:14.6|  2.7870|  0.3020     |  13.824| 1.793   |
|      02307|4B 930418- |20 46.6|+21 22|1993-04-18 14:38:18.2|        |             |        |         |
|      01653|4B 920617- |01 16.2|+21 28|1992-06-17 18:43:52.8|  0.8000|  0.2150     |  62.848| 1.404   |
|      03655|4B 950630  |11 37.1|+21 29|1995-06-30 21:10:37.5|  1.1630|  0.1930     |  19.424| 4.409   |
|      07108|GRB 980921 |13 29.9|+21 32|1998-09-21 10:33:26.5|  0.9625|  0.1797     | 157.120|21.121   |
|      03888|4B 951030- |05 42.0|+21 33|1995-10-30 11:23:40.6|  4.6510|  0.2610     |   1.736| 0.202   |
|      05607|GRB 960919 |15 33.4|+21 34|1996-09-19 22:28:00.2|  5.8508|  0.3018     |   1.088| 0.091   |
|      02711|4B 931226  |13 43.8|+21 38|1993-12-26 20:11:09.3|  1.0820|  0.2250     | 124.864| 1.669   |
|      03297|4B 941126- |20 26.0|+21 39|1994-11-26 03:55:13.4|  4.4530|  0.3340     |   0.272| 0.023   |
|      07625|GRB 990701-|02 18.1|+21 41|1999-07-01 03:35:43.1|  0.6658|  0.1927     |  26.688| 2.625   |
|      07638|GRB 990707-|04 49.6|+21 50|1999-07-07 19:39:17.6|  1.9153|  0.2201     | 125.504| 6.759   |
|      07973|GRB 000130 |15 12.2|+21 58|2000-01-30 01:17:37.9|  1.3124|  0.2202     | 108.224|20.899   |
|      03287|4B 941119  |12 10.0|+21 59|1994-11-19 19:30:50.2|  7.7140|  0.3200     |  33.408| 1.154   |
|      03293|4B 941123- |04 58.2|+22 03|1994-11-23 18:44:37.5|  2.2830|  0.5810     |   0.256| 0.143   |
|      01567|4B 920423- |10 15.6|+22 10|1992-04-23 22:06:41.3|  0.7020|  0.2060     |  17.152| 1.134   |
|      03466|4B 950312  |22 33.3|+22 10|1995-03-12 18:46:21.1|  1.0600|  0.1830     |        |         |
|      00537|4B 910714  |16 10.1|+22 11|1991-07-14 20:46:17.1|  1.8270|  0.3240     |   4.288| 0.326   |
|      02181|4B 930210  |16 35.5|+22 15|1993-02-10 02:10:11.7|  0.9010|  0.2080     |  96.704| 2.521   |
|      07434|GRB 990228-|02 57.8|+22 20|1999-02-28 14:46:23.2|        |             |        |         |
|      02794|4B 940201- |17 54.4|+22 22|  1994-02-01 07:40:41|        |             |        |         |
|      03145|4B 940830- |22 29.6|+22 23|  1994-08-30 13:03:54|        |             |        |         |
|      07671|GRB 990724 |14 30.3|+22 24|1999-07-24 03:15:32.9|  3.0870|  0.2359     |   5.056| 1.664   |
|      02099|4B 921216  |10 45.9|+22 26|  1992-12-16 08:31:10|  1.0120|  0.2530     |   2.560| 0.231   |
|      01657|4B 920619- |10 21.1|+22 28|  1992-06-19 13:03:57|  0.5330|  0.1890     |  13.312| 5.221   |
|      00398|4B 910620- |04 31.7|+22 30|1991-06-20 05:37:30.4|  2.0310|  0.3820     |  25.600| 4.546   |
|      06662|GRB 980327 |06 55.6|+22 36|1998-03-27 22:23:17.7|  0.8041|  0.2308     |   2.368| 0.580   |
|      01190|4B 911217- |00 27.8|+22 40|1991-12-17 08:22:05.7|  4.0080|  0.3690     |   7.168| 1.094   |
|      03465|4B 950311  |23 17.2|+22 41|1995-03-11 11:12:10.9|  0.7110|  0.1830     |  17.056| 3.278   |
|      00549|4B 910718- |05 31.2|+22 47|1991-07-18 06:01:48.4|  0.5300|  0.2380     |  14.400| 2.807   |
|      06882|GRB 980627-|12 00.8|+22 50|1998-06-27 12:36:35.2|  1.7987|  0.2258     |  15.040| 1.601   |
|      06159|GRB 970405 |06 35.4|+22 50|1997-04-05 03:41:59.9|  2.1627|  0.2480     |  49.920| 2.625   |
|      02344|4B 930517- |00 23.4|+22 51|1993-05-17 09:14:01.7|  0.5130|  0.2100     |  31.520| 3.543   |
|      07371|GRB 990205 |18 24.8|+22 51|1999-02-05 00:19:27.1|  0.8302|  0.2122     |  49.536|61.576   |
|      03567|4B 950509- |02 57.8|+22 56|1995-05-09 23:16:05.9|  1.4480|  0.1890     | 589.536| 6.988   |
|      01744|4B 920805  |07 02.3|+22 56|  1992-08-05 11:13:54|        |             |        |         |
|      05591|GRB 960831-|16 11.0|+22 56|1996-08-31 10:28:30.5|  4.7622|  0.3302     | 135.488| 0.870   |
|      00741|4B 910829  |03 56.1|+22 58|1991-08-29 22:39:42.7|  0.3910|  0.2240     |  12.480| 2.211   |
|      02649|4B 931120  |21 18.7|+23 02|1993-11-20 18:49:22.6|  2.4580|  0.2760     |   0.256| 0.091   |
|      04048|4B 951220  |06 58.1|+23 12|1995-12-20 08:51:21.9|  4.8640|  0.2700     |  13.696| 0.405   |
|      07263|GRB 981215 |12 58.9|+23 14|1998-12-15 14:09:24.7|  1.0414|  0.2012     |  53.184|21.273   |
|      03024|4B 940609  |18 56.6|+23 20|1994-06-09 16:29:06.6|        |             |        |         |
|      06718|GRB 980501 |14 55.5|+23 22|1998-05-01 22:19:06.9|  1.3499|  0.2072     |   0.344| 0.078   |
|      03320|4B 941215- |08 58.3|+23 24|1994-12-15 00:26:10.5|  1.4470|  0.1940     |  42.624| 1.214   |
|      07368|GRB 990203 |21 39.7|+23 30|1999-02-03 15:41:20.8|        |             |        |         |
|      00612|4B 910803  |20 38.8|+23 31|1991-08-03 08:33:24.6|  2.9070|  0.3040     |        |         |
|      05392|4B 960331- |07 22.8|+23 31|1996-03-31 17:01:55.8|        |             |        |         |
|      02446|4B 930714  |17 10.8|+23 42|1993-07-14 16:12:53.8|  4.3780|  0.3310     |   8.256| 0.547   |
|      06134|GRB 970323 |20 31.2|+23 43|1997-03-23 07:37:11.4|  0.9738|  1.7625     |        |         |
|      01538|4B 920404  |21 35.1|+23 53|  1992-04-04 13:11:44|        |             |        |         |
|      02393|4B 930614- |11 12.6|+23 57|1993-06-14 03:40:30.6|  4.3880|  0.3150     |   5.134| 0.066   |
|      06354|GRB 970902-|14 03.3|+24 01|1997-09-02 04:34:48.5|  2.9183|  0.2373     |   0.264| 0.152   |
|      02951|4B 940427  |03 45.2|+24 07|1994-04-27 04:36:13.8|  1.7020|  0.2570     |   4.864| 0.091   |
|      06788|GRB 980527-|18 27.7|+24 09|1998-05-27 08:21:59.8| 21.0961|  0.4956     |   0.092| 0.001   |
|      01154|4B 911209- |04 58.4|+24 10|  1991-12-09 00:56:48|  1.9390|  0.3020     |   0.193| 0.020   |
|      03801|4B 950916- |12 50.9|+24 10|1995-09-16 21:23:16.3|  1.3980|  0.2170     |  30.752| 6.861   |
|      01650|4B 920615- |01 06.6|+24 14|1992-06-15 14:24:56.9|        |             |   5.376| 2.064   |
|      03307|4B 941202  |18 51.9|+24 22|1994-12-02 03:32:16.7|  1.8460|  0.2020     |  42.976| 1.280   |
|      05701|GRB 961130 |16 28.9|+24 24|1996-11-30 05:13:52.1|        |             |        |         |
|      06371|GRB 970908-|07 27.0|+24 27|1997-09-08 07:12:51.4|        |             |   0.660| 0.110   |
|      03917|4B 951123  |03 35.0|+24 30|1995-11-23 18:10:05.6|  1.2120|  0.1960     | 163.712| 3.494   |
|      02671|4B 931203  |00 26.1|+24 32|1993-12-03 01:02:03.9|  0.5220|  0.2030     |  31.456| 5.976   |
|      07274|GRB 981221-|10 01.5|+24 32|1998-12-21 17:37:35.7|        |             |        |         |
|      01123|4B 911127- |20 40.5|+24 33|1991-11-27 07:01:20.1|  0.5800|  0.2350     |  32.128| 3.598   |
|      03177|4B 940921- |07 28.2|+24 34|1994-09-21 03:08:48.4|  2.9330|  0.2580     |   6.688| 2.233   |
|      06911|GRB 980707-|04 49.5|+24 39|1998-07-07 16:24:39.4|  0.9419|  0.2158     |   5.312| 1.665   |
|      07489|GRB 990323-|13 52.3|+24 40|  1999-03-23 08:57:49|        |             |        |         |
|      03067|4B 940708- |20 06.3|+24 40|1994-07-08 20:42:06.2| 19.3100|  0.5580     |  66.976| 1.032   |
|      06453|GRB 971029-|06 44.5|+24 40|1997-10-29 01:28:38.4|  6.1377|  0.3043     |  89.856| 0.410   |
|      05955|GRB 970128 |18 21.0|+24 41|  1997-01-28 08:19:03|  3.5974|  0.2390     |  11.648| 2.241   |
|      08064|GRB 000403 |03 48.8|+24 41|2000-04-03 13:33:02.1|  1.2652|  0.1982     | 148.224| 8.076   |
|      02892|4B 940326  |10 06.7|+24 44|1994-03-26 07:25:30.8|  2.3520|  0.2960     |   0.288| 0.064   |
|      00105|4B 910421  |18 02.7|+24 46|1991-04-21 09:14:03.8| 12.7610|  0.5440     |   5.184| 0.181   |
|      00474|4B 910702- |05 50.2|+24 49|1991-07-02 06:59:53.1| 10.6410|  0.5860     |   0.152| 0.032   |
|      03913|4B 951119- |05 15.8|+24 52|1995-11-19 20:30:15.7|  1.3700|  0.1900     |  81.088| 0.905   |
|      00223|4B 910523- |23 31.8|+24 53|1991-05-23 23:38:49.1|  0.6330|  0.2410     |  29.184| 1.243   |
|      03735|4B 950804- |12 26.7|+24 56|1995-08-04 12:36:16.7|  4.8340|  0.2930     |   1.301| 0.091   |
|      06270|GRB 970613-|18 13.5|+24 59|1997-06-13 15:12:05.3|  0.8676|  0.2049     |  37.568| 2.233   |
|      07637|GRB 990707-|21 53.0|+24 59|1999-07-07 14:29:38.7|        |             |        |         |
|      07059|GRB 980902 |18 58.0|+25 02|1998-09-02 16:35:52.2|        |             |        |         |
|      06288|GRB 970629 |01 58.5|+25 02|1997-06-29 14:16:39.9|  2.6529|  0.2631     |  13.184| 2.121   |
|      01449|4B 920228  |09 51.8|+25 04|  1992-02-28 14:59:07|  1.5400|  0.2680     |  33.216| 0.500   |
|      01714|4B 920721- |10 12.4|+25 11|1992-07-21 01:32:04.1|  0.6340|  0.2200     |  23.616| 1.864   |
|      02116|4B 930103- |13 14.6|+25 13|1993-01-03 03:50:13.1|        |             |        |         |
|      00206|4B 910517- |23 47.6|+25 17|1991-05-17 23:55:35.1|  2.1610|  0.3150     |        |         |
|      02753|4B 940112- |15 05.5|+25 19|1994-01-12 12:46:23.4|  1.1320|  0.2290     |  21.760| 0.601   |
|      06571|GRB 980114 |16 44.0|+25 19|1998-01-14 06:57:33.5|  1.3156|  0.2219     |   0.326| 0.104   |
|      02636|4B 931115  |04 17.2|+25 19|1993-11-15 16:33:27.2|  0.8630|  0.2330     |  31.296| 0.746   |
|      07852|GRB 991112 |16 05.8|+25 19|1999-11-12 22:08:23.8|        |             |        |         |
|      02450|4B 930720- |01 23.3|+25 20|1993-07-20 14:35:09.8|  8.2770|  0.4260     |  45.888| 0.264   |
|      03717|4B 950730  |16 47.2|+25 20|1995-07-30 10:01:29.5|  0.8740|  0.2090     |  59.232| 6.924   |
|      06935|GRB 980720 |18 11.7|+27 01|  1998-07-20 17:04:13|  0.8506|  0.1706     |  88.256| 6.987   |
|      05510|4B 960621- |19 22.0|+25 20|1996-06-21 06:34:45.8|  0.6890|  0.2360     |  50.720|13.643   |
|      05555|4B 960730- |10 00.0|+25 25|  1996-07-30 20:33:18|  1.0320|  0.2100     |  49.216| 4.875   |
|      06450|GRB 971024-|06 58.2|+25 38|1997-10-24 22:22:55.2|  0.6961|  0.1965     |  23.488| 3.152   |
|      03143|4B 940830- |12 54.6|+25 40|1994-08-30 08:59:56.7|  2.6910|  0.2900     |   4.147| 0.273   |
|      06987|GRB 980813 |08 34.8|+25 41|  1998-08-13 23:16:51|  0.6108|  0.1750     |  33.280| 5.284   |
|      00110|4B 910425- |22 23.8|+25 46|1991-04-25 05:37:33.3|  0.4750|  0.2180     | 430.016| 1.094   |
|      06815|GRB 980610 |03 32.0|+25 50|1998-06-10 11:29:11.1|        |             |        |         |
|      03357|4B 950114- |18 58.4|+25 53|1995-01-14 22:48:58.8|  0.4080|  0.1540     |        |         |
|      05645|GRB 961026-|13 31.6|+26 01|1996-10-26 09:43:49.7|  1.1185|  0.1776     |  40.960| 7.680   |
|      02124|4B 930109  |05 08.5|+26 01|1993-01-09 10:29:41.6|        |             |        |         |
|      03407|4B 950207- |02 29.9|+26 08|  1995-02-07 07:23:46|  1.8330|  0.2150     |  91.360| 2.176   |
|      01218|4B 911225- |22 18.4|+26 10|1991-12-25 09:05:34.8|  1.4760|  0.2480     |   9.472| 0.692   |
|      07523|GRB 990420-|20 20.3|+26 14|1999-04-20 23:11:02.9|  0.7634|  0.1786     |  60.480| 3.851   |
|      00909|4B 911019  |15 56.8|+26 17|1991-10-19 06:59:11.6|  0.4860|  0.2420     |   0.832| 0.320   |
|      02489|4B 930812  |11 06.0|+26 23|1993-08-12 12:45:37.4|        |             |        |         |
|      03062|4B 940706- |17 40.4|+26 24|1994-07-06 19:24:33.3|        |             |  23.648| 3.353   |
|      06694|GRB 980420 |19 31.2|+26 34|1998-04-20 10:06:52.4|  4.2829|  0.2968     |  39.936| 2.369   |
|      02193|4B 930214- |12 59.2|+26 46|1993-02-14 18:12:58.6|  1.7840|  0.2590     | 135.168| 2.886   |
|      03037|4B 940621- |03 29.2|+26 47|1994-06-21 12:11:15.7|  2.2450|  0.3000     |   0.048| 0.013   |
|      05411|4B 960405- |04 38.7|+26 47|1996-04-05 16:31:40.2|  0.8580|  0.1750     |  27.136| 8.013   |
|      03169|4B 940916  |07 35.0|+26 49|1994-09-16 17:40:49.2|        |             |        |         |
|      07102|GRB 980918 |08 58.8|+26 53|1998-09-18 13:49:57.9|  2.5227|  0.2253     |   0.399| 0.612   |
|      02081|4B 921207- |23 50.8|+26 55|1992-12-07 01:05:22.6|  1.2220|  0.2560     |  15.680| 1.421   |
|      02435|4B 930708- |05 23.2|+26 56|1993-07-08 19:29:55.9|  1.5330|  0.2740     | 196.640| 1.118   |
|      07875|GRB 991123-|10 28.7|+26 56|1999-11-23 05:08:45.9|  2.9585|  0.2686     |        |         |
|      06214|GRB 970429-|02 18.9|+26 59|1997-04-29 11:36:24.3|  5.8062|  0.2894     |        |         |
|      07578|GRB 990522 |02 37.5|+27 04|1999-05-22 04:13:45.2|        |             |        |         |
|      00690|4B 910817  |06 00.4|+27 05|1991-08-17 17:00:25.6|  0.6610|  0.2140     |   3.200| 0.373   |
|      00640|4B 910806  |10 22.6|+27 07|1991-08-06 15:24:31.5|  1.0730|  0.2420     |        |         |
|      05730|GRB 961228-|17 52.1|+27 10|1996-12-28 22:43:55.5|  2.2722|  0.2437     |   7.744| 1.145   |
|      05443|4B 960422  |08 59.2|+27 12|1996-04-22 16:39:35.4|  0.5270|  0.1590     |        |         |
|      07888|GRB 991201 |21 50.4|+27 12|1999-12-01 11:39:51.9|  0.7942|  0.2236     |   6.208| 1.409   |
|      03893|4B 951104- |02 41.6|+27 16|1995-11-04 01:37:42.8|  4.0480|  0.2660     |  35.648| 1.090   |
|      03057|4B 940703- |08 46.0|+27 23|1994-07-03 04:40:46.5| 35.1000|  0.8240     |  34.880| 0.453   |
|      01419|4B 920218- |02 37.9|+27 28|  1992-02-18 18:42:23|  4.6480|  0.3690     | 122.496| 0.547   |
|      01435|4B 920224- |10 47.2|+27 28|1992-02-24 21:38:00.9|  0.3420|  0.2140     |   1.216| 0.320   |
|      07078|GRB 980910-|13 42.0|+27 28|1998-09-10 20:02:21.7|  5.1177|  0.4159     |   0.448| 0.091   |
|      03472|4B 950317- |03 09.2|+27 32|1995-03-17 19:43:55.6|  1.4460|  0.2150     |  15.936| 3.343   |
|      01493|4B 920318- |12 59.9|+27 44|  1992-03-18 15:06:58|        |             |        |         |
|      03338|4B 950101  |12 22.8|+27 44|  1995-01-01 01:33:01|  2.6240|  0.2270     |   0.108| 0.016   |
|      02127|4B 930112- |15 05.3|+27 44|1993-01-12 03:47:30.8|        |             |        |         |
|      05507|4B 960620  |13 47.5|+27 47|1996-06-20 05:25:35.6|  0.6000|  0.1870     |   6.720| 0.604   |
|      03529|4B 950501  |19 47.7|+27 47|  1995-05-01 03:25:04|        |             |        |         |
|      07319|GRB 990111-|11 34.6|+27 49|1999-01-11 17:58:20.2|  2.8551|  0.2447     |  49.664| 1.675   |
|      06613|GRB 980223 |14 39.4|+27 56|1998-02-23 12:44:42.1|  0.5478|  0.1814     |  42.368| 6.348   |
|      02472|4B 930730  |20 18.2|+27 57|1993-07-30 05:13:42.8|  0.6420|  0.2120     |  41.696| 3.912   |
|      02468|4B 930727- |20 37.6|+27 58|1993-07-27 13:35:32.1|        |             |        |         |
|      05654|GRB 961102 |18 05.8|+28 08|1996-11-02 11:38:23.8|  4.8838|  0.2672     |  71.360| 0.453   |
|      01729|4B 920728  |21 22.6|+28 08|1992-07-28 11:35:14.7|        |             |        |         |
|      06268|GRB 970613-|07 07.4|+28 11|1997-06-13 05:23:30.6|        |             |        |         |
|      04157|4B 951228  |06 12.5|+28 13|  1995-12-28 15:47:26|  2.3160|  0.2360     |  20.032| 1.669   |
|      02795|4B 940201- |23 33.8|+28 19|1994-02-01 08:14:37.7|  2.3510|  0.2720     |   0.232| 0.033   |
|      06437|GRB 971015-|12 50.5|+28 26|1997-10-15 21:43:56.1|  0.9546|  0.2062     |   9.408| 1.985   |
|      02691|4B 931212  |16 30.4|+28 26|1993-12-12 05:29:07.5|  0.8450|  0.2350     |  26.752| 4.292   |
|      00555|4B 910719  |16 23.4|+28 28|1991-07-19 10:53:02.3|  1.6230|  0.2930     |   4.160| 0.453   |
|      07000|GRB 980819 |12 51.7|+28 28|1998-08-19 08:42:29.2|  2.0858|  0.3360     | 105.088|11.456   |
|      07929|GRB 000101 |20 03.1|+28 29|2000-01-01 01:19:59.2| 11.5055|  0.4103     |  51.776| 0.730   |
|      06610|GRB 980222-|02 04.8|+28 31|1998-02-22 02:25:34.9|  2.0973|  0.2401     |  71.936| 3.482   |
|      05664|GRB 961110 |20 45.9|+28 31|1996-11-10 12:20:37.2|  0.7308|  0.1764     |   2.496| 0.326   |
|      01308|4B 920121- |02 01.7|+28 34|1992-01-21 21:56:49.1|  3.2660|  0.3380     |   0.215| 0.026   |
|      02793|4B 940129  |08 29.8|+28 35|1994-01-29 10:43:17.8|  5.0860|  0.3580     |   6.976| 0.707   |
|      02111|4B 921230- |10 02.2|+28 38|  1992-12-30 14:05:46|  1.3610|  0.2410     |  29.056| 0.462   |
|      02703|4B 931222  |12 50.1|+28 39|  1993-12-22 21:21:34|  3.9000|  0.3140     |  57.664| 1.223   |
|      03886|4B 951030- |07 41.6|+28 40|1995-10-30 05:26:37.6|  2.2680|  0.2080     |  12.480| 0.326   |
|      01489|4B 920317  |08 45.8|+28 44|1992-03-17 16:55:24.5|  0.6900|  0.2740     |        |         |
|      02126|4B 930110- |15 59.7|+28 48|1993-01-10 06:22:34.4|  3.7320|  0.3140     |   0.401| 0.061   |
|      06716|GRB 980430-|16 04.9|+28 56|1998-04-30 08:01:50.3|  1.3467|  0.2124     |        |         |
|      02289|4B 930406- |19 59.2|+29 01|1993-04-06 07:16:25.3|  0.5110|  0.2640     |        |         |
|      03527|4B 950430- |03 49.4|+29 01|1995-04-30 15:03:49.4|  3.5790|  0.4620     |  13.568| 1.460   |
|      00473|4B 910702- |17 00.3|+29 03|1991-07-02 04:46:35.6|  0.6080|  0.2520     |  31.104| 3.657   |
|      03885|4B 951028  |17 42.2|+29 04|1995-10-28 01:29:56.1|        |             |        |         |
|      03360|4B 950117- |19 00.8|+29 05|1995-01-17 01:36:01.7|  1.2730|  0.1930     |        |         |
|      02118|4B 930104- |20 49.1|+29 07|1993-01-04 11:03:47.1|        |             |        |         |
|      02060|4B 921117  |03 15.1|+29 08|1992-11-17 03:24:17.5|        |             |        |         |
|      01482|4B 920314- |17 38.5|+29 10|1992-03-14 17:21:29.1|  8.9840|  0.4370     |        |         |
|      07645|GRB 990711 |04 24.3|+29 13|1999-07-11 21:49:53.8|  0.7935|  0.1851     | 431.616| 4.720   |
|      01623|4B 920524  |10 30.1|+29 13|1992-05-24 03:51:42.1|  3.5550|  0.3360     |  66.112| 0.707   |
|      06445|GRB 971023-|16 25.3|+29 16|1997-10-23 08:36:11.8|  1.5220|  0.2070     |   1.536| 0.202   |
|      01150|4B 911207  |20 31.2|+29 18|1991-12-07 09:50:45.4|  1.8970|  0.3580     |  61.632| 6.085   |
|      03900|4B 951107- |00 48.0|+29 20|1995-11-07 17:32:37.7|  1.6730|  0.2030     |  86.720| 4.935   |
|      00480|4B 910703  |02 41.5|+29 29|1991-07-03 05:03:43.8|  6.6250|  0.4650     |   0.067| 0.018   |
|      06321|GRB 970801 |06 44.2|+29 33|1997-08-01 06:21:45.6|  4.2825|  0.2989     |  22.592| 1.733   |
|      05626|GRB 961008 |17 14.8|+29 34|1996-10-08 05:21:00.1|  0.6349|  0.1827     |  22.272| 2.753   |
|      02504|4B 930826  |11 40.3|+29 35|1993-08-26 18:58:08.7|  3.4970|  0.2860     |   0.128| 0.091   |
|      02632|4B 931113- |06 28.5|+29 47|1993-11-13 17:42:27.3|  2.4250|  0.3120     |   1.443| 0.093   |
|      07998|GRB 000226-|09 34.7|+29 49|2000-02-26 03:51:49.4|  4.5050|  0.2621     |  10.240| 0.516   |
|      07228|GRB 981125-|16 58.5|+29 52|1998-11-25 08:26:25.9|  2.9216|  0.2859     |  99.584|14.615   |
|      05622|GRB 961002 |08 39.6|+29 59|1996-10-02 16:58:53.5|  0.6338|  0.1845     | 106.048| 4.871   |
|      03664|4B 950713  |19 06.7|+30 02|1995-07-13 08:56:16.6|  2.2110|  0.2350     |  85.216|10.546   |
|      05632|GRB 961015 |14 40.1|+30 06|1996-10-15 16:08:43.6|  0.9635|  0.1780     |  49.408| 4.672   |
|      07984|GRB 000205 |00 33.6|+30 11|2000-02-05 08:39:52.8|  2.7719|  0.2330     |  10.432| 0.453   |
|      03509|4B 950416- |12 25.3|+30 12|1995-04-16 13:26:59.8|  1.1910|  0.1980     |  14.944| 2.927   |
|      02053|4B 921112- |05 11.9|+30 13|1992-11-12 16:28:14.5|  4.1890|  0.3410     |  15.360| 2.680   |
|      05592|GRB 960906-|21 58.2|+30 17|1996-09-06 19:15:36.5|  1.9138|  0.2542     |   0.475| 0.255   |
|      01114|4B 911123- |01 31.2|+30 20|  1991-11-23 08:15:33|  2.7830|  0.3130     |   4.800| 0.547   |
|      01365|4B 920207  |19 42.2|+30 23|1992-02-07 01:44:21.4|  1.4670|  0.2620     |        |         |
|      00678|4B 910814- |23 05.4|+30 26|  1991-08-14 19:14:33|  6.7380|  0.5330     |  53.888| 0.707   |
|      02541|4B 930926  |04 25.8|+30 31|1993-09-26 16:53:50.4|  1.2700|  0.2340     |  89.376| 6.103   |
|      05559|4B 960802  |16 38.1|+30 32|1996-08-02 22:06:59.8|  0.6760|  0.1630     |  16.736| 2.764   |
|      01533|4B 920331- |17 37.2|+30 33|1992-03-31 18:15:48.2|  4.8590|  0.3450     |  99.776| 0.500   |
|      02690|4B 931211  |04 48.5|+30 34|1993-12-11 16:08:59.7|  2.1500|  0.2640     |   0.200| 0.029   |
|      08009|GRB 000302-|11 37.8|+30 40|2000-03-02 14:22:25.5|  1.4043|  0.2022     |  14.336| 2.521   |
|      00526|4B 910713  |12 31.1|+30 41|1991-07-13 20:30:34.1|  0.6470|  0.2490     |   6.592| 4.971   |
|      02391|4B 930612- |02 28.4|+30 44|1993-06-12 16:45:20.4|  0.5250|  0.1920     |  13.920| 2.233   |
|      02919|4B 940410- |16 59.6|+30 48|1994-04-10 15:45:02.9|  6.1140|  0.3940     |  20.320| 1.208   |
|      02597|4B 931021- |05 43.6|+30 49|  1993-10-21 13:00:22|  1.6250|  0.2530     |   0.256| 0.018   |
|      01736|4B 920803- |14 51.4|+30 58|1992-08-03 02:10:03.6|  2.5510|  0.2700     |   0.128| 0.143   |
|      06144|GRB 970329-|11 34.2|+31 02|1997-03-29 01:00:38.4|        |             |   0.690| 0.062   |
|      01102|4B 911120- |18 43.9|+31 05|1991-11-20 22:27:33.1|  3.0260|  0.3150     |   0.187| 0.078   |
|      07504|GRB 990403-|16 44.8|+31 11|1999-04-03 20:40:47.3|  2.4254|  0.2491     | 111.360| 6.145   |
|      02377|4B 930606- |10 06.6|+31 12|1993-06-06 20:50:07.1|  3.9830|  0.3300     |   0.496| 0.011   |
|      07285|GRB 981228 |19 03.0|+31 19|1998-12-28 12:23:36.4|  2.4479|  0.2704     | 156.096| 1.590   |
|      03662|4B 950706  |01 54.4|+31 31|1995-07-06 11:52:15.5|  3.3390|  0.2590     |  68.896| 1.208   |
|      06642|GRB 980315-|04 58.6|+31 34|1998-03-15 07:24:00.1|  1.8408|  0.2065     | 105.024| 1.208   |
|      07484|GRB 990319 |19 05.8|+31 37|1999-03-19 21:40:46.4|        |             |        |         |
|      03671|4B 950718  |13 21.7|+31 39|1995-07-18 17:55:35.2|  1.0510|  0.2060     |  70.240|24.661   |
|      05635|GRB 961017-|19 06.4|+31 40|1996-10-17 15:03:03.6|  1.0956|  0.1996     |  31.296| 7.564   |
|      05548|4B 960722- |01 58.6|+31 40|1996-07-22 07:05:06.5|  5.9630|  0.3050     | 187.776| 7.297   |
|      07323|GRB 990113 |04 27.6|+31 44|1999-01-13 00:01:43.2|  0.7409|  0.1861     | 107.840| 9.973   |
|      05509|4B 960621- |06 02.8|+31 46|1996-06-21 04:48:26.3|  0.6350|  0.1730     |        |         |
|      06504|GRB 971127 |15 02.4|+31 56|1997-11-27 00:04:42.3|  2.7923|  0.2391     |  47.488| 2.241   |
|      02104|4B 921220  |14 55.5|+31 59|1992-12-20 01:19:30.4|        |             |        |         |
|      08056|GRB 000330-|20 49.6|+32 00|  2000-03-30 08:37:11|        |             |        |         |
|      05517|4B 960624- |06 35.8|+32 03|1996-06-24 03:26:13.4|  2.0570|  0.2280     |  14.464| 2.627   |
|      01568|4B 920424  |23 05.4|+32 06|1992-04-24 14:20:08.6|        |             |        |         |
|      07855|GRB 991114 |18 17.3|+36 42|1999-11-14 13:15:21.7|  0.8507|  0.1920     |        |         |
|      05567|4B 960807  |10 30.1|+32 08|1996-08-07 19:49:26.3| 22.8020|  0.5670     |  12.736| 0.143   |
|      06376|GRB 970910-|06 42.0|+32 08|1997-09-10 11:26:09.1|  2.2980|  0.2314     |   1.320| 0.232   |
|      05867|GRB 970119 |21 31.0|+32 10|1997-01-19 07:25:29.6|  6.0867|  0.3117     |  13.184| 0.264   |
|      01967|4B 921001- |21 37.7|+32 17|1992-10-01 04:03:53.9|  1.9500|  0.2680     |  25.408| 2.136   |
|      06292|GRB 970701 |18 10.6|+32 18|  1997-07-01 11:15:46|  2.0672|  0.2419     |   7.872| 3.032   |
|      03292|4B 941122- |10 34.3|+32 20|1994-11-22 20:32:55.5|  1.0290|  0.1980     | 113.952| 4.845   |
|      00249|4B 910601  |20 40.5|+32 20|1991-06-01 19:22:14.5| 35.6960|  0.8140     |  28.544| 0.854   |
|      06306|GRB 970714-|00 49.0|+32 22|1997-07-14 02:57:56.9|  2.0372|  0.2313     | 159.616|24.577   |
|      03237|4B 941011  |08 14.2|+32 26|1994-10-11 16:40:11.2|  2.3140|  0.2140     |  46.240| 1.639   |
|      03806|4B 950919- |04 58.7|+32 27|1995-09-19 14:17:27.2|        |             |  62.464| 1.448   |
|      06300|GRB 970709-|17 32.1|+32 37|1997-07-09 06:55:08.5|  0.5277|  0.2124     |  63.168| 5.807   |
|      03280|4B 941111  |06 30.2|+32 39|1994-11-11 02:20:00.6|  0.5120|  0.1660     |   3.392| 1.346   |
|      08039|GRB 000317 |01 48.9|+32 40|2000-03-17 21:39:13.8|  0.8364|  0.2016     |  83.520|11.310   |
|      06529|GRB 971210-|16 53.9|+32 43|1997-12-10 21:23:25.5|  0.7196|  0.1961     |  37.184| 6.355   |
|      07674|GRB 990725 |00 50.2|+32 44|1999-07-25 03:47:42.5|  1.3327|  0.2187     |  91.520| 6.537   |
|      06950|GRB 980727-|07 16.0|+32 49|1998-07-27 21:05:28.3|  0.6862|  0.1837     |        |         |
|      07854|GRB 991113 |00 13.7|+32 51|1999-11-13 22:41:00.4|        |             |  61.440| 0.680   |
|      07247|GRB 981203-|10 45.8|+32 55|  1998-12-03 00:59:13|  4.5031|  0.2724     | 180.736| 4.290   |
|      06273|GRB 970616-|02 09.3|+33 02|1997-06-16 01:51:13.1|  1.1467|  0.2088     |  48.640| 5.159   |
|      07023|GRB 980827 |07 44.2|+33 04|1998-08-27 13:38:26.9|        |             |        |         |
|      06343|GRB 970824-|12 46.5|+33 10|1997-08-24 05:49:36.9|  1.6116|  0.2427     |   0.612| 0.407   |
|      00809|4B 910919  |09 54.4|+33 13|1991-09-19 22:53:56.1|  4.1280|  0.3530     |   1.280| 1.421   |
|      00834|4B 910928- |08 41.8|+33 21|1991-09-28 22:47:47.1|  0.4080|  0.2040     |   1.088| 0.547   |
|      06241|GRB 970525 |17 26.9|+33 23|1997-05-25 02:40:02.8|  1.7332|  0.2530     |   8.768| 3.139   |
|      01683|4B 920701  |20 58.6|+33 26|1992-07-01 19:38:19.6|  7.7120|  0.4240     |   3.904| 0.466   |
|      02610|4B 931030- |17 14.3|+33 28|1993-10-30 18:59:05.8|  1.3530|  0.2460     |  48.704| 4.608   |
|      01717|4B 920721- |02 30.2|+33 29|1992-07-21 18:17:48.4|  3.1130|  0.3180     |  14.656| 0.870   |
|      03167|4B 940913  |11 06.4|+33 29|1994-09-13 14:43:20.9|  0.5280|  0.2070     |   3.872| 1.094   |
|      03259|4B 941026- |07 16.2|+33 34|1994-10-26 22:10:50.2|  2.2760|  0.2280     |  48.448| 1.669   |
|      06903|GRB 980706-|19 53.1|+33 34|1998-07-06 15:37:57.2|  1.7288|  0.2327     | 211.392| 1.319   |
|      04251|4B 960106  |00 24.8|+33 35|1996-01-06 17:05:10.3|  0.6250|  0.1940     |  13.344| 7.018   |
|      06916|GRB 980711 |16 12.4|+33 35|1998-07-11 03:02:39.2|  7.4609|  0.3459     |   0.960| 0.202   |
|      07925|GRB 991229-|22 11.5|+33 35|1999-12-29 15:11:23.4|        |             |        |         |
|      03464|4B 950310  |22 56.8|+33 38|1995-03-10 21:46:35.1|  2.4730|  0.2210     |        |         |
|      02047|4B 921110- |03 59.6|+33 49|1992-11-10 13:38:58.8|  2.5550|  0.2930     |  41.088| 2.064   |
|      06119|GRB 970312 |23 38.0|+33 51|  1997-03-12 11:40:41|  0.8908|  0.1845     |  15.104| 1.729   |
|      03765|4B 950818  |18 34.6|+33 52|1995-08-18 01:23:22.9| 25.9560|  0.5430     |  72.576| 1.346   |
|      01546|4B 920408- |20 26.8|+33 53|1992-04-08 17:33:45.2|  2.6830|  0.3000     |  21.632| 1.026   |
|      01730|4B 920730- |01 28.4|+33 54|1992-07-30 13:01:24.5|  0.7650|  0.2520     |  31.040| 3.326   |
|      01611|4B 920518  |16 29.2|+33 54|1992-05-18 05:16:00.7|  1.2260|  0.2380     |  35.264| 3.795   |
|      02571|4B 931008- |11 01.6|+33 56|1993-10-08 11:09:10.7|  3.5750|  0.3260     |        |         |
|      02373|4B 930605- |19 37.5|+34 07|1993-06-05 06:51:20.1|  0.6050|  0.2240     |  52.512| 2.807   |
|      01540|4B 920405  |23 48.0|+34 08|1992-04-05 21:41:30.9|  1.0410|  0.2220     |  55.424| 2.262   |
|      02112|4B 921230- |14 47.4|+34 10|  1992-12-30 15:41:02|  0.7120|  0.2140     | 208.128| 3.138   |
|      02994|4B 940526- |08 47.4|+34 12|1994-05-26 20:20:05.8| 15.3490|  0.6030     |  48.576| 3.905   |
|      01071|4B 911117- |17 01.5|+34 14|1991-11-17 01:25:58.8|  2.2480|  0.3140     |        |         |
|      02530|4B 930914  |02 17.0|+34 17|1993-09-14 02:49:11.6|  2.0330|  0.2650     | 194.880| 0.516   |
|      06151|GRB 970402-|20 40.4|+34 18|1997-04-02 01:46:14.6|  1.6402|  0.2204     |  11.840| 2.273   |
|      07497|GRB 990330-|10 42.6|+34 19|1999-03-30 19:26:07.6|  2.4820|  0.2488     |  32.448| 2.000   |
|      07626|GRB 990701-|14 27.0|+34 19|1999-07-01 21:32:05.4|  5.1967|  0.3146     |   0.384| 0.143   |
|      06168|GRB 970411 |03 47.9|+34 20|1997-04-11 09:52:25.8| 18.6174|  0.5123     |  58.880| 1.382   |
|      02360|4B 930530- |01 03.3|+34 23|1993-05-30 09:27:59.6|  1.4350|  0.2370     |   0.568| 0.193   |
|      05667|GRB 961111-|05 45.4|+34 23|1996-11-11 23:10:06.1|  1.7369|  0.2317     |  33.216| 4.409   |
|      07923|GRB 991228-|11 09.8|+34 26|1999-12-28 11:39:50.4|  1.8007|  0.2061     |  16.960| 0.516   |
|      05711|GRB 961212 |12 11.4|+34 29|  1996-12-12 04:07:51| 41.2450|  0.7052     |   2.240| 0.326   |
|      07936|GRB 000107-|12 30.7|+34 34|2000-01-07 00:44:09.4|  1.6971|  0.2147     |  39.424| 3.585   |
|      05521|4B 960626  |21 36.2|+34 40|1996-06-26 19:14:14.6|        |             |        |         |
|      06538|GRB 971219 |23 45.8|+34 44|1997-12-19 19:36:02.5|  1.2528|  0.2345     |  26.624| 2.405   |
|      07599|GRB 990605 |05 45.6|+34 44|1999-06-05 00:30:30.4|  2.5176|  0.2375     |   6.336| 3.908   |
|      06619|GRB 980301-|09 53.4|+34 53|1998-03-01 06:06:58.8|  1.3102|  0.2376     |  35.968| 2.881   |
|      06698|GRB 980421-|14 40.6|+34 55|1998-04-21 22:44:01.9|  0.8898|  0.2139     | 100.928|13.377   |
|      00999|4B 911104  |14 09.8|+35 02|1991-11-04 15:04:41.7| 12.4290|  0.6520     |   6.656| 0.528   |
|      03212|4B 941003- |12 27.6|+35 02|1994-10-03 05:17:17.9|  2.2220|  0.2140     |  83.424| 2.521   |
|      06554|GRB 980101 |13 40.3|+35 03|1998-01-01 03:27:23.7|  1.8759|  0.2011     |  10.368| 0.202   |
|      02202|4B 930219- |22 02.5|+35 05|1993-02-19 03:59:05.9|  0.7940|  0.2290     |  17.024| 2.146   |
|      05450|4B 960428  |20 17.0|+35 08|1996-04-28 13:12:32.2|  4.4710|  0.2750     | 172.160| 1.903   |
|      00469|4B 910630  |20 18.8|+35 08|1991-06-30 07:37:02.3|  4.4240|  0.4000     |  15.424| 1.286   |
|      02361|4B 930530- |12 32.4|+35 10|1993-05-30 10:24:50.3|        |             |        |         |
|      06938|GRB 980722 |02 52.2|+35 15|1998-07-22 17:17:26.6|  1.2331|  0.2026     | 104.256| 8.693   |
|      03283|4B 941114  |06 32.2|+35 25|1994-11-14 02:02:38.4|  2.9040|  0.2310     |  45.824| 1.409   |
|      06631|GRB 980308 |18 13.2|+35 26|1998-03-08 05:20:39.6|  0.9760|  0.2205     |   7.168| 1.243   |
|      06100|GRB 970223 |09 29.8|+35 28|1997-02-23 08:26:17.7| 19.4123|  0.4906     |  16.256| 0.326   |
|      05539|4B 960715- |00 13.7|+35 30|1996-07-15 00:48:26.8|  2.1760|  0.2560     |  77.824|26.693   |
|      07968|GRB 000126-|00 02.2|+35 31|2000-01-26 06:57:58.5|  0.7385|  0.1741     |  50.752| 5.018   |
|      07665|GRB 990722-|14 13.5|+35 32|1999-07-22 07:23:18.1|        |             |        |         |
|      07987|GRB 000212 |01 04.4|+35 37|2000-02-12 22:31:05.1|  5.8873|  0.3325     |   8.320| 1.382   |
|      02380|4B 930607  |10 53.8|+35 38|1993-06-07 21:08:09.7|  1.1980|  0.2260     |  81.984| 2.263   |
|      07598|GRB 990604-|06 04.4|+38 03|1999-06-04 19:59:40.8|  3.0404|  0.2322     |  23.424| 3.714   |
|      03742|4B 950806- |10 57.9|+35 44|1995-08-06 20:09:08.8|  0.9400|  0.2100     |   0.448| 0.091   |
|      03066|4B 940708- |03 33.6|+35 49|1994-07-08 20:09:38.1|  2.0340|  0.2650     |   0.176| 0.018   |
|      06581|GRB 980125-|23 22.7|+35 49|1998-01-25 20:39:28.7| 40.9139|  0.6936     |        |         |
|      07735|GRB 990824-|21 43.9|+35 50|1999-08-24 10:50:32.8|  0.9564|  0.2134     |        |         |
|      05495|4B 960613- |14 46.8|+35 58|1996-06-13 13:41:09.2|  2.3940|  0.2320     |  26.272|14.500   |
|      02388|4B 930612- |05 52.8|+36 01|1993-06-12 03:57:56.7|        |             |        |         |
|      06156|GRB 970404-|12 01.2|+36 01|1997-04-04 17:14:28.4|        |             |        |         |
|      05452|4B 960505  |06 32.9|+36 02|  1996-05-05 15:53:51|  0.8760|  0.2060     |        |         |
|      02851|4B 940227  |22 55.8|+36 07|1994-02-27 21:04:14.5|  0.6910|  0.2480     |   2.368| 0.373   |
|      06319|GRB 970725-|00 51.8|+36 13|1997-07-25 22:50:37.9|  1.3172|  0.2184     |  33.024| 6.080   |
|      01993|4B 921021  |16 04.2|+36 14|1992-10-21 18:20:43.8|  1.9120|  0.2550     |  30.464| 1.866   |
|      06167|GRB 970409 |01 00.3|+36 18|1997-04-09 18:48:09.2|  1.3233|  0.1832     |  61.696| 2.290   |
|      06516|GRB 971201 |15 23.3|+36 20|1997-12-01 05:43:59.8|        |             |        |         |
|      06828|GRB 980616 |14 13.3|+36 22|1998-06-16 13:28:55.3|        |             |        |         |
|      08047|GRB 000321 |03 17.0|+36 23|2000-03-21 21:53:07.4|  2.8415|  0.2704     |   0.892| 0.031   |
|      03370|4B 950120  |13 09.5|+36 28|1995-01-20 10:49:50.5|  0.8510|  0.1980     |  38.432| 7.232   |
|      03647|4B 950624- |19 43.8|+36 28|  1995-06-24 03:30:02|  1.0030|  0.2110     |        |         |
|      07989|GRB 000217-|01 06.2|+36 31|  2000-02-17 10:47:06|  2.3676|  0.2359     |  30.566| 2.944   |
|      07592|GRB 990531 |03 29.4|+36 32|1999-05-31 15:56:24.4|        |             |        |         |
|      03136|4B 940823- |03 58.4|+36 35|1994-08-23 16:23:48.1|  0.5350|  0.1980     |  19.552| 7.633   |
|      05983|GRB 970131 |16 55.2|+36 35|1997-01-31 21:46:11.3|  1.0066|  0.2168     |  13.312| 1.218   |
|      05721|GRB 961223 |05 45.3|+36 36|1996-12-23 20:56:05.8|  3.4169|  0.2464     |  41.408| 2.305   |
|      07147|GRB 981009-|12 33.7|+36 37|  1998-10-09 01:08:30|  1.1156|  0.2178     |  22.464| 0.792   |
|      06337|GRB 970817-|18 29.7|+36 38|1997-08-17 08:28:29.8|  1.2600|  0.2448     |  64.576| 4.868   |
|      07529|GRB 990424-|05 36.0|+36 38|1999-04-24 22:09:22.7|  6.8312|  0.3366     |   7.424| 1.243   |
|      06345|GRB 970824-|07 41.3|+36 40|1997-08-24 21:15:18.1|  0.6769|  0.1597     |  16.896| 1.208   |
|      00936|4B 911025- |21 05.4|+36 40|1991-10-25 21:25:14.8|  5.8540|  0.4380     |   1.438| 0.065   |
|      05697|GRB 961126 |10 01.4|+36 43|1996-11-26 06:43:19.8| 11.7774|  0.4049     |   2.624| 0.143   |
|      01719|4B 920722  |21 24.8|+36 45|1992-07-22 21:21:27.2|  3.1270|  0.2960     |   1.047| 0.161   |
|      07781|GRB 991001 |00 24.6|+36 46|1999-10-01 01:22:30.2|  8.2191|  0.3332     |  16.043| 0.960   |
|      02519|4B 930909  |01 03.3|+36 50|1993-09-09 16:14:13.4|  1.6800|  0.2750     |  90.240| 2.755   |
|      01711|4B 920720- |13 32.1|+36 52|1992-07-20 03:12:04.2| 21.7040|  0.6620     |   5.952| 0.143   |
|      01118|4B 911124  |21 23.7|+36 58|1991-11-24 10:41:52.2|  0.6960|  0.2330     |        |         |
|      05568|4B 960808  |05 41.0|+37 01|1996-08-08 16:42:03.8| 13.9440|  0.4150     |   5.184| 0.143   |
|      06260|GRB 970609-|13 01.9|+37 03|1997-06-09 02:03:00.4|        |             |        |         |
|      05552|4B 960725  |18 23.0|+37 03|1996-07-25 01:30:15.6|        |             |        |         |
|      03909|4B 951117- |19 03.2|+37 03|1995-11-17 02:48:38.1|  2.8240|  0.2300     |  18.304| 1.180   |
|      06812|GRB 980609-|13 11.5|+37 07|1998-06-09 06:58:14.9|        |             |        |         |
|      03815|4B 950922- |10 43.2|+37 13|1995-09-22 07:12:10.7|  2.5910|  0.2300     |   6.784|15.489   |
|      02505|4B 930828  |11 48.4|+37 14|1993-08-28 01:27:23.5|  0.7900|  0.2030     |  65.056| 4.971   |
|      02117|4B 930104- |05 43.4|+37 16|1993-01-04 01:00:01.8|  1.6310|  0.4830     |   0.640| 0.286   |
|      01624|4B 920525- |15 16.8|+37 20|1992-05-25 00:41:44.3|        |             | 101.824| 0.500   |
|      05558|4B 960731- |08 22.2|+37 22|1996-07-31 20:44:49.2|        |             |        |         |
|      02476|4B 930731- |06 49.2|+37 23|1993-07-31 06:23:56.6|  2.0660|  0.2710     |  31.680| 0.500   |
|      01097|4B 911120- |15 40.4|+37 26|1991-11-20 11:22:25.3|  2.5970|  0.3070     |   0.794| 0.467   |
|      06178|GRB 970414-|23 28.4|+37 30|1997-04-14 13:00:54.3|  0.8027|  0.1889     |   0.960| 0.143   |
|      02367|4B 930602- |17 32.9|+37 40|1993-06-02 13:43:04.1|  4.6000|  0.3480     |  18.816| 0.643   |
|      07764|GRB 990914 |02 54.0|+37 41|1999-09-14 14:52:14.1|        |             |        |         |
|      03658|4B 950701- |23 05.1|+37 44|1995-07-01 06:35:37.5| 13.5120|  0.4240     |  10.560| 0.202   |
|      06573|GRB 980116 |21 01.2|+37 47|1998-01-16 14:43:46.7|  2.3904|  0.2285     |   0.289| 0.075   |
|      08030|GRB 000312-|21 21.2|+37 55|2000-03-12 05:23:54.7|  5.1968|  0.2952     |  23.872| 0.326   |
|      03807|4B 950919- |23 09.2|+37 58|1995-09-19 23:38:55.5|  1.2230|  0.2160     |   5.696| 0.994   |
|      03485|4B 950327- |03 36.5|+38 01|1995-03-27 07:19:07.2|  1.0790|  0.1890     | 114.464| 4.346   |
|      03867|4B 951014- |21 15.7|+38 05|1995-10-14 22:48:20.8|  3.2540|  0.2950     |   0.939| 0.129   |
|      05620|GRB 961001-|04 12.4|+38 13|1996-10-01 20:30:13.4|  2.5234|  0.2212     |   0.040| 0.007   |
|      06334|GRB 970814 |20 27.2|+38 13|1997-08-14 00:17:37.5|  0.6170|  0.1819     |  36.800| 5.347   |
|      02676|4B 931204- |16 40.6|+38 14|1993-12-04 09:48:10.3|        |             |        |         |
|      00171|4B 910509  |22 37.0|+38 16|1991-05-09 03:03:30.7|  1.0770|  0.3290     |  24.768| 4.401   |
|      07318|GRB 990111-|02 55.4|+38 16|  1999-01-11 11:57:21|  4.0609|  0.5591     |  14.976| 0.749   |
|      02427|4B 930704- |23 31.6|+38 16|1993-07-04 15:01:01.7|        |             |        |         |
|      07485|GRB 990320-|04 23.4|+38 19|1999-03-20 04:33:06.8|  0.7801|  0.1788     |  27.712| 3.057   |
|      02143|4B 930123  |04 01.6|+38 20|1993-01-23 18:45:21.2|  0.9390|  0.2430     |  22.272| 0.516   |
|      00927|4B 911024  |13 54.6|+38 22|1991-10-24 20:10:06.3|  0.6990|  0.2390     |  27.968| 1.243   |
|      07283|GRB 981227 |07 29.6|+38 23|1998-12-27 18:44:56.4|  1.6708|  0.2287     |   0.767| 0.456   |
|      07367|GRB 990202-|22 24.2|+38 26|1999-02-02 15:38:08.6|  1.4881|  0.2324     |   0.890| 0.139   |
|      06082|GRB 970211-|16 11.7|+38 32|1997-02-11 01:27:55.1|  2.3600|  0.2535     |   6.208| 0.272   |
|      06370|GRB 970907-|18 13.9|+38 41|1997-09-07 11:19:41.5|  0.5007|  0.1658     |  40.576|22.551   |
|      00143|4B 910503  |05 49.8|+38 44|1991-05-03 07:04:12.7| 52.0080|  1.4260     |  50.816| 0.202   |
|      00658|4B 910809- |15 49.6|+38 49|1991-08-09 00:58:25.8|  1.2090|  0.3040     |  20.672| 1.684   |
|      03595|4B 950523- |04 48.6|+38 55|1995-05-23 18:27:44.7|        |             |        |         |
|      05571|4B 960812  |06 28.1|+39 00|1996-08-12 14:04:25.1|  2.8870|  0.2420     |   8.064| 1.282   |
|      02843|4B 940222  |04 24.0|+39 10|1994-02-22 11:50:53.1|  1.7840|  0.2690     |  11.136| 1.032   |
|      06344|GRB 970824-|14 47.5|+39 16|1997-08-24 17:23:14.8|  1.7773|  0.2170     |  67.776| 1.358   |
|      08057|GRB 000330-|23 53.2|+39 16|2000-03-30 20:57:29.4|        |             |        |         |
|      05471|4B 960524- |01 50.5|+39 16|1996-05-24 02:23:12.6|  2.9730|  0.2410     |   1.758| 0.023   |
|      02773|4B 940119- |08 45.6|+39 17|1994-01-19 15:44:40.3|        |             |        |         |
|      01628|4B 920526  |06 58.0|+39 19|1992-05-26 02:22:16.4|  1.7110|  0.2480     |  36.608| 1.336   |
|      07293|GRB 990102-|18 29.5|+39 20|1999-01-02 05:06:36.9|  3.0575|  0.2333     |  47.872| 2.881   |
|      03857|4B 951010  |08 26.2|+39 21|  1995-10-10 21:12:24|        |             |        |         |
|      02364|4B 930601- |08 28.5|+39 21|1993-06-01 14:19:48.7|        |             |        |         |
|      02043|4B 921108  |07 25.0|+39 26|1992-11-08 09:09:37.3|  1.0340|  0.2400     |   0.512| 0.143   |
|      06665|GRB 980329-|07 02.3|+39 26|1998-03-29 03:44:38.5| 13.8489|  0.4206     |  18.560| 0.264   |
|      02621|4B 931109  |07 22.7|+39 31|1993-11-09 15:36:58.1|        |             |        |         |
|      07952|GRB 000114-|08 06.6|+39 34|2000-01-14 20:17:31.9|  1.3594|  0.2065     |   0.579| 0.035   |
|      07811|GRB 991019-|17 11.7|+39 38|1999-10-19 00:07:44.6|  0.9501|  0.2015     |        |         |
|      03337|4B 941230- |11 33.0|+39 46|1994-12-30 23:43:48.9|  0.8740|  0.1970     |        |         |
|      03814|4B 950922- |16 18.6|+39 46|1995-09-22 04:18:14.3|  2.5460|  0.2300     |   3.234| 1.425   |
|      03764|4B 950817  |12 09.0|+39 49|1995-08-17 20:19:04.8|        |             |        |         |
|      03901|4B 951107- |09 55.5|+39 51|1995-11-07 22:38:19.8|  0.6930|  0.1770     |  43.520| 5.961   |
|      00836|4B 910929  |23 46.2|+39 57|1991-09-29 17:11:56.8|  0.9250|  0.2730     |   0.320| 0.091   |
|      06140|GRB 970327-|01 51.6|+39 58|1997-03-27 15:49:25.4|        |             |        |         |
|      06279|GRB 970627-|15 11.0|+39 59|1997-06-27 01:04:25.3|  1.1192|  0.2073     |  32.512| 2.947   |
|      03334|4B 941229- |17 00.7|+39 59|1994-12-29 22:50:58.6|        |             |        |         |
|      02916|4B 940407- |01 30.2|+40 00|1994-04-07 18:20:02.1|  1.3100|  0.2310     |  10.144| 1.145   |
|      02728|4B 940101- |07 25.6|+40 01|  1994-01-01 21:53:10|  2.8730|  0.3080     |   2.029| 0.064   |
|      06385|GRB 970918-|02 06.0|+40 11|  1997-09-18 09:41:26|  2.3609|  0.2210     |   0.896| 0.264   |
|      05590|GRB 960831-|21 51.3|+40 11|  1996-08-31 06:57:39|  0.9984|  0.2028     |  43.904| 5.724   |
|      02438|4B 930710  |01 45.4|+40 11|1993-07-10 03:14:30.2|  3.0410|  0.3040     |  18.400| 1.280   |
|      02343|4B 930516  |22 12.0|+40 15|1993-05-16 22:01:32.3|        |             |        |         |
|      05560|4B 960803- |11 05.1|+40 22|1996-08-03 08:40:12.9|  1.0020|  0.1880     |   0.490| 0.068   |
|      02699|4B 931220  |19 54.1|+40 22|1993-12-20 15:50:01.2|        |             |        |         |
|      06400|GRB 970926-|20 54.8|+40 24|1997-09-26 22:56:19.4|  4.0832|  0.2717     |  14.080| 0.707   |
|      07858|GRB 991115 |19 36.9|+40 26|1999-11-15 18:48:07.7|  4.1607|  0.2715     |  79.040| 5.505   |
|      07688|GRB 990802-|02 19.0|+40 30|1999-08-02 01:04:43.5|  5.0703|  0.3003     | 154.432| 2.463   |
|      00878|4B 911007  |20 35.6|+40 35|1991-10-07 15:32:09.2|  1.3940|  0.3020     |   0.384| 0.143   |
|      07887|GRB 991130 |07 39.2|+40 37|1999-11-30 13:06:58.4|        |             |        |         |
|      00711|4B 910822  |17 59.5|+43 44|1991-08-22 13:50:58.8|  1.2010|  0.2980     |   2.432| 0.832   |
|      02382|4B 930608- |07 00.2|+40 47|1993-06-08 19:41:34.2|  0.5880|  0.2180     |   1.920| 0.528   |
|      01617|4B 920521  |08 47.8|+40 49|1992-05-21 03:11:37.1|        |             |        |         |
|      05446|4B 960425- |03 59.7|+40 49|1996-04-25 00:18:32.8|  0.6930|  0.1680     |        |         |
|      01545|4B 920408- |09 15.8|+40 50|1992-04-08 12:05:55.6|        |             |        |         |
|      02861|4B 940305- |12 45.1|+40 50|1994-03-05 11:43:43.3|  2.3760|  0.3210     |   1.599| 0.072   |
|      08019|GRB 000306-|15 04.3|+40 55|2000-03-06 18:00:31.6|  4.1002|  0.2990     |  51.200| 2.120   |
|      06427|GRB 971012 |21 58.9|+40 59|1997-10-12 08:01:00.1|  2.2702|  0.2486     |   2.944| 1.346   |
|      05467|4B 960521- |16 46.2|+41 04|1996-05-21 09:23:26.7|  1.5290|  0.2020     |   2.970| 0.066   |
|      05723|GRB 961224-|00 47.7|+41 08|1996-12-24 10:49:51.8|  0.9480|  0.1784     |  39.936| 1.690   |
|      02156|4B 930201- |22 14.1|+41 09|1993-02-01 16:41:55.6| 18.2820|  0.6150     | 154.432| 0.345   |
|      02335|4B 930511  |18 00.6|+41 13|1993-05-11 03:47:38.8|        |             |        |         |
|      02706|4B 931223  |17 07.2|+41 14|1993-12-23 23:34:20.6|  2.1830|  0.2800     |  21.760| 1.159   |
|      05710|GRB 961211-|19 44.4|+41 16|1996-12-11 20:41:20.3|        |             |        |         |
|      07541|GRB 990502 |05 29.7|+41 19|1999-05-02 22:09:22.2|        |             |        |         |
|      02589|4B 931016- |05 04.9|+41 20|1993-10-16 12:32:47.3|  0.8810|  0.2460     |  55.968| 1.448   |
|      02961|4B 940504  |10 52.2|+41 26|1994-05-04 08:44:44.6|  0.7440|  0.2320     |  88.640| 2.525   |
|      03174|4B 940919  |13 46.2|+41 26|1994-09-19 00:42:22.3|  0.6630|  0.2320     |  20.128| 1.361   |
|      02696|4B 931218  |16 19.9|+41 32|1993-12-18 19:24:02.6|  1.2620|  0.2520     |  45.568| 0.410   |
|      02315|4B 930424  |03 36.9|+41 36|1993-04-24 19:19:00.2|  1.7720|  0.2630     |  19.328| 0.231   |
|      07111|GRB 980922-|03 52.6|+41 41|1998-09-22 23:27:28.5|  1.5225|  0.2020     |        |         |
|      06479|GRB 971115-|05 38.5|+41 41|1997-11-15 18:22:39.3|  0.6226|  0.1752     |        |         |
|      01989|4B 921015  |08 12.2|+41 41|1992-10-15 01:36:32.4|  2.9630|  0.3120     | 272.448| 1.243   |
|      06142|GRB 970328-|07 47.2|+41 47|1997-03-28 10:44:02.4|        |             |        |         |
|      05644|GRB 961026-|06 37.3|+41 53|1996-10-26 06:11:50.3|  6.0126|  0.3078     |  16.064| 0.453   |
|      05417|4B 960409- |02 50.2|+41 55|  1996-04-09 21:25:45|  8.2500|  0.3200     |  16.064| 2.113   |
|      05573|4B 960813- |12 27.9|+41 58|1996-08-13 21:47:18.1|  0.5690|  0.1760     |   7.808| 6.987   |
|      01580|4B 920503- |09 47.0|+41 59|1992-05-03 02:50:29.1|  1.3640|  0.2360     |  38.848| 4.228   |
|      06212|GRB 970427-|19 18.6|+41 59|1997-04-27 20:50:32.3|  0.8322|  0.1934     |        |         |
|      06152|GRB 970402-|00 36.7|+42 05|1997-04-02 08:19:51.6|  0.8412|  0.1966     |  34.240|10.497   |
|      05469|4B 960523- |13 34.9|+42 09|1996-05-23 11:10:12.2|  3.2020|  0.2590     |   1.504| 0.051   |
|      06280|GRB 970627-|08 03.4|+42 17|1997-06-27 07:12:46.3|  1.4287|  0.2128     |  72.384| 3.548   |
|      07343|GRB 990123-|15 16.3|+42 19|1999-01-23 09:46:56.1| 16.9624|  0.4825     |  63.360| 0.264   |
|      07219|GRB 981121 |01 02.0|+42 20|1998-11-21 01:26:17.1|  1.3322|  0.2114     |  53.952| 1.319   |
|      06640|GRB 980313-|02 07.4|+42 20|1998-03-13 09:04:22.7|  7.1233|  0.3241     |        |         |
|      03585|4B 950519  |11 41.0|+42 22|1995-05-19 18:00:51.4|        |             |        |         |
|      07561|GRB 990511 |13 42.4|+42 22|1999-05-11 14:40:26.9|        |             |        |         |
|      05416|4B 960409- |01 02.1|+42 25|  1996-04-09 19:56:18|  1.6060|  0.2050     |  23.232| 1.866   |
|      07903|GRB 991213 |07 10.4|+42 35|1999-12-13 12:58:30.5|  2.0263|  0.2188     |  24.256| 7.296   |
|      02487|4B 930811  |18 13.8|+42 38|1993-08-11 14:01:41.5|  2.1740|  0.3060     |   0.336| 0.069   |
|      03594|4B 950523- |05 42.5|+43 05|1995-05-23 05:39:29.1|        |             |  67.296| 3.789   |
|      03897|4B 951105  |01 11.6|+43 07|1995-11-05 03:55:57.5|        |             |        |         |
|      02295|4B 930409- |19 43.3|+43 11|1993-04-09 04:50:10.7|        |             |        |         |
|      05551|4B 960723  |06 20.0|+43 15|1996-07-23 04:46:01.9|  0.8650|  0.1900     |  60.384| 2.817   |
|      07705|GRB 990809 |05 55.5|+43 24|  1999-08-09 12:31:05|  1.0513|  0.1856     |  15.744| 5.485   |
|      03131|4B 940821- |19 38.8|+43 29|1994-08-21 21:51:27.9|  1.5350|  0.2450     |  48.352| 1.280   |
|      01469|4B 920308- |16 45.9|+43 30|1992-03-08 17:33:44.2|  0.9890|  0.2270     |        |         |
|      03016|4B 940605  |07 27.0|+43 31|1994-06-05 14:59:34.7|  0.4690|  0.2330     |  10.304| 1.391   |
|      06266|GRB 970612-|19 20.9|+43 31|1997-06-12 14:28:24.9|  4.0372|  0.2629     |  37.568| 0.590   |
|      01244|4B 911228  |18 40.8|+43 41|1991-12-28 17:22:06.1|  0.9500|  0.2330     |  57.280| 8.772   |
|      07940|GRB 000108-|08 01.6|+43 43|2000-01-08 20:33:21.1|        |             |        |         |
|      07250|GRB 981205 |06 04.0|+43 44|1998-12-05 05:41:24.3|  2.8472|  0.2531     | 106.560| 4.783   |
|      07800|GRB 991012 |14 33.7|+46 18|1999-10-12 04:34:56.6|  1.6636|  0.2274     |   0.124| 0.425   |
|      03489|4B 950401- |05 44.2|+43 45|1995-04-01 20:43:54.4|  7.3170|  0.3670     |  33.056| 3.360   |
|      03041|4B 940623- |14 02.0|+43 47|1994-06-23 08:55:54.3|        |             |        |         |
|      06240|GRB 970523-|07 24.3|+43 52|1997-05-23 23:01:30.4|  1.5562|  0.1969     |        |         |
|      03440|4B 950225- |04 28.5|+43 54|1995-02-25 15:09:40.9|  0.6870|  0.1700     |        |         |
|      05496|4B 960614  |14 09.6|+43 58|1996-06-14 17:43:01.1|        |             |   0.056| 0.009   |
|      00235|4B 910528  |16 02.4|+43 58|1991-05-28 21:26:55.3|  0.7190|  0.2440     |  26.432| 3.057   |
|      05500|4B 960616- |11 25.7|+43 59|1996-06-16 07:04:04.2|  6.9100|  0.2990     |   0.136| 0.164   |
|      07822|GRB 991025 |17 09.0|+44 01|1999-10-25 16:56:30.2|  3.1890|  0.2549     |  26.304| 2.347   |
|      07142|GRB 981005 |18 21.0|+44 03|1998-10-05 18:00:26.5|  5.8125|  0.2849     |   0.969| 0.064   |
|      03155|4B 940904  |16 13.5|+44 05|  1994-09-04 03:59:52|  1.9190|  0.2580     |   4.928| 2.691   |
|      06618|GRB 980228-|06 02.0|+44 06|1998-02-28 16:54:01.4|        |             |        |         |
|      02095|4B 921214  |20 24.9|+44 07|1992-12-14 14:06:04.7|  1.2290|  0.2730     |   0.216| 0.021   |
|      01613|4B 920519- |21 19.8|+44 10|  1992-05-19 16:31:54|        |             |        |         |
|      02528|4B 930913- |19 37.1|+44 16|1993-09-13 17:05:12.3|  0.7100|  0.2310     |  61.920| 3.789   |
|      06886|GRB 980629 |20 33.8|+44 17|1998-06-29 01:34:01.4|  1.3649|  0.5563     |        |         |
|      00148|4B 910505  |11 50.7|+44 26|1991-05-05 20:15:16.1|  1.4420|  0.2560     | 454.016| 6.147   |
|      07942|GRB 000110 |09 55.6|+44 30|2000-01-10 15:36:22.1|  1.2432|  0.1957     |  34.048| 4.731   |
|      00840|4B 910930- |06 13.7|+44 31|1991-09-30 07:24:22.7|  1.6120|  0.2650     |  76.544| 5.633   |
|      07655|GRB 990715-|10 17.7|+44 31|1999-07-15 23:59:35.2|        |             |        |         |
|      05712|GRB 961213 |12 42.2|+44 32|1996-12-13 12:33:43.9|        |             |        |         |
|      03924|4B 951127  |12 39.7|+44 35|1995-11-27 12:14:39.5|  1.2480|  0.1860     |  10.464| 1.590   |
|      07642|GRB 990709-|19 56.1|+44 36|  1999-07-09 15:56:28|  1.2680|  0.2340     | 103.808| 8.828   |
|      02689|4B 931210  |23 56.7|+44 45|1993-12-10 16:31:57.6|        |             |        |         |
|      06215|GRB 970430 |17 18.8|+44 56|1997-04-30 19:18:38.2|  1.9705|  0.2243     |   0.640| 0.264   |
|      03218|4B 941005- |21 59.6|+44 57|1994-10-05 11:08:52.3|  2.1490|  0.2130     |   0.096| 0.011   |
|      03303|4B 941127  |04 36.7|+44 58|1994-11-27 14:30:17.8|  3.9720|  0.2460     |        |         |
|      06677|GRB 980403 |18 38.2|+46 25|1998-04-03 23:15:51.6|        |             |        |         |
|      06336|GRB 970816 |06 06.3|+44 58|1997-08-16 02:17:44.4| 15.6576|  0.4917     |   6.528| 0.286   |
|      06978|GRB 980808-|13 04.8|+45 01|1998-08-08 19:20:19.4|        |             |        |         |
|      01999|4B 921022- |07 12.7|+45 02|1992-10-22 22:28:23.8|        |             |        |         |
|      02732|4B 940102  |00 43.6|+45 07|1994-01-02 02:45:52.7|        |             |  24.864| 1.793   |
|      06786|GRB 980527-|22 57.0|+45 10|1998-05-27 06:09:47.3|  1.5289|  0.2571     |   1.041| 0.150   |
|      00676|4B 910814- |03 52.0|+45 13|1991-08-14 11:09:40.3|  4.4080|  0.3840     |  77.824| 1.175   |
|      02551|4B 931001  |17 05.0|+45 16|1993-10-01 01:23:11.4|  0.7600|  0.2090     |  63.392| 4.331   |
|      06378|GRB 970912-|22 44.9|+45 18|1997-09-12 14:58:09.8|        |             |        |         |
|      05619|GRB 960929-|03 37.9|+45 19|1996-09-29 17:30:09.7|  3.4907|  0.2499     |   0.167| 0.044   |
|      01578|4B 920502- |10 19.3|+45 25|1992-05-02 17:26:40.5|  4.0070|  0.3260     |  20.544| 1.168   |
|      03113|4B 940808  |19 19.3|+45 26|1994-08-08 14:49:22.5|  3.9000|  0.3480     |   0.976| 0.023   |
|      06388|GRB 970919-|12 59.9|+45 28|1997-09-19 03:45:02.2|  1.1019|  0.2228     |  20.864| 1.611   |
|      02475|4B 930731- |07 46.1|+45 29|  1993-07-31 03:16:31|        |             |        |         |
|      06577|GRB 980124-|00 34.8|+45 31|1998-01-24 19:29:36.2|  1.2676|  0.2069     |  22.784| 2.563   |
|      03120|4B 940812- |05 56.7|+45 35|1994-08-12 12:05:30.7|  1.3880|  0.2750     |  18.848| 2.319   |
|      02080|4B 921206- |11 45.9|+45 43|1992-12-06 18:24:19.3|  5.9940|  0.3920     |  53.760| 0.653   |
|      07448|GRB 990305-|13 59.1|+45 44|  1999-03-05 13:58:14|  0.7334|  0.1946     |        |         |
|      07791|GRB 991006-|06 30.9|+45 48|1999-10-06 10:14:18.6|  0.6050|  0.1671     |        |         |
|      03790|4B 950911- |01 23.7|+45 54|1995-09-11 08:45:24.5|        |             |        |         |
|      03889|4B 951101  |14 29.8|+45 57|1995-11-01 10:04:01.7|  3.4990|  0.2600     |   0.060| 0.006   |
|      02477|4B 930801  |19 31.1|+46 01|1993-08-01 02:12:13.8|  1.5280|  0.2360     |  15.872| 4.482   |
|      07775|GRB 990925-|03 20.3|+46 04|1999-09-25 08:58:03.1|  4.3554|  0.3008     |   3.287| 2.508   |
|      07753|GRB 990905 |06 21.6|+46 08|1999-09-05 22:38:55.7|  2.3535|  0.2210     |   2.512| 0.640   |
|      06589|GRB 980206 |00 58.9|+46 11|1998-02-06 09:33:16.9|  0.9548|  0.2242     |  49.152| 1.694   |
|      03772|4B 950901- |08 45.5|+46 13|1995-09-01 00:25:45.9|  1.1980|  0.1910     |        |         |
|      02412|4B 930623  |17 26.2|+46 14|1993-06-23 03:09:34.2|  0.7070|  0.2100     |   1.407| 0.346   |
|      03325|4B 941224  |14 59.7|+46 37|1994-12-24 03:42:13.2|  0.5180|  0.1760     |        |         |
|      03819|4B 950926  |11 10.6|+46 41|1995-09-26 17:45:19.3|  1.1020|  0.1930     |  54.976|11.266   |
|      01461|4B 920303- |10 44.1|+46 58|1992-03-03 07:51:29.8|  1.6700|  0.3610     |   0.461| 0.449   |
|      03891|4B 951102- |09 14.3|+46 59|  1995-11-02 05:52:56| 15.4800|  0.4680     |  41.472| 1.761   |
|      03811|4B 950921- |10 32.3|+47 01|1995-09-21 05:49:07.1|  2.7610|  0.2600     |   5.440| 0.326   |
|      02451|4B 930720- |06 22.0|+47 10|1993-07-20 20:22:28.2|  3.3800|  0.6790     |  35.008| 0.453   |
|      01663|4B 920622- |10 48.4|+47 10|1992-06-22 07:05:04.5| 20.2380|  0.6440     |  35.968| 0.968   |
|      03017|4B 940606  |20 46.9|+47 11|1994-06-06 12:26:33.5|  1.0500|  0.2250     |  75.552| 2.639   |
|      06408|GRB 971002-|00 33.7|+47 15|1997-10-02 17:41:38.1|  0.9421|  0.2065     |   7.104| 2.755   |
|      03060|4B 940704- |14 10.0|+47 15|1994-07-04 23:32:07.5|        |             |        |         |
|      02276|4B 930331- |02 52.0|+47 16|1993-03-31 03:11:16.6|  1.0250|  0.2160     | 119.136| 1.056   |
|      03416|4B 950211- |17 07.3|+47 17|1995-02-11 23:26:25.5|  1.6980|  0.1950     |  37.408| 4.471   |
|      01310|4B 920122  |04 05.3|+47 22|1992-01-22 09:23:02.6|  0.8690|  0.2650     |        |         |
|      02037|4B 921101  |21 38.5|+47 22|1992-11-01 18:03:55.7|  8.3550|  0.4930     |   6.272| 0.181   |
|      02093|4B 921211  |01 13.6|+47 28|1992-12-11 14:30:32.8|  1.0400|  0.2260     |  58.112| 1.820   |
|      03776|4B 950904- |17 15.4|+47 29|1995-09-04 14:38:08.6|  5.8970|  0.2900     |  11.072| 1.797   |
|      01934|4B 920917  |00 57.6|+47 32|1992-09-17 11:35:28.1|        |             |   9.408| 1.105   |
|      06622|GRB 980301-|00 05.5|+47 41|1998-03-01 12:42:17.7|  0.9832|  0.2055     | 389.376| 7.494   |
|      03168|4B 940915  |14 37.7|+47 42|1994-09-15 06:52:19.5|  0.6560|  0.2120     |  18.080| 1.073   |
|      03494|4B 950405- |21 44.6|+47 47|1995-04-05 10:20:19.1|  2.2130|  0.2370     |   1.408| 0.091   |
|      08004|GRB 000229 |19 46.9|+47 52|2000-02-29 02:45:02.1|  1.7605|  0.2539     |  32.512| 1.448   |
|      07604|GRB 990611-|15 12.5|+48 01|1999-06-11 10:07:10.6|  0.7957|  0.1912     |  43.200| 4.098   |
|      07209|GRB 981111-|16 32.5|+48 04|1998-11-11 14:01:01.4|  1.5257|  0.2047     |  46.272| 9.273   |
|      08049|GRB 000323 |12 42.9|+48 05|2000-03-23 09:02:07.1|  1.7702|  0.1867     |  72.448| 1.675   |
|      04312|4B 960111  |09 12.3|+48 10|1996-01-11 12:55:23.9|  9.1710|  0.3700     |   9.024| 1.518   |
|      05523|4B 960628  |21 47.9|+48 17|1996-06-28 05:20:22.7|  3.7330|  0.2760     |  17.888| 1.361   |
|      03323|4B 941218  |12 22.8|+48 18|  1994-12-18 11:40:27|  1.5810|  0.1940     |   0.448| 0.115   |
|      01385|4B 920210- |10 03.9|+48 22|1992-02-10 09:53:43.8|  3.8520|  0.3460     |  51.776| 2.064   |
|      06276|GRB 970618 |15 07.4|+48 28|1997-06-18 12:05:28.9|        |             |        |         |
|      01425|4B 920221  |12 16.6|+48 29|1992-02-21 06:14:32.4|  9.5200|  0.5470     |  10.432| 0.653   |
|      03238|4B 941012  |03 09.2|+48 31|1994-10-12 03:00:33.1|  1.6570|  0.2020     |  20.928| 0.528   |
|      00727|4B 910826  |04 36.5|+48 31|1991-08-26 20:16:58.5|  1.0260|  0.2370     |        |         |
|      03864|4B 951013  |16 50.7|+48 37|1995-10-13 23:18:09.3|  1.3380|  0.1910     |  51.200| 0.779   |
|      00254|4B 910602- |19 14.6|+48 37|1991-06-02 12:06:29.5|  1.5450|  0.2720     |   0.384| 0.707   |
|      07183|GRB 981030 |13 20.8|+48 38|1998-10-30 03:07:32.4|  1.1456|  0.1900     |   7.744| 1.218   |
|      01404|4B 920216- |22 42.8|+48 39|1992-02-16 13:42:51.8|  0.7160|  0.2580     |   1.408| 0.590   |
|      02686|4B 931209- |00 56.2|+48 41|1993-12-09 13:03:32.2|        |             |        |         |
|      02288|4B 930405- |14 25.4|+48 44|1993-04-05 21:10:23.6|  0.9020|  0.2070     |   0.448| 0.091   |
|      05540|4B 960715- |05 27.0|+48 50|  1996-07-15 07:33:13|  1.3410|  0.2060     |  76.768|13.734   |
|      03089|4B 940717- |07 20.5|+48 52|1994-07-17 20:22:57.3|  3.5240|  0.3360     |        |         |
|      05477|4B 960529  |00 57.6|+48 53|1996-05-29 12:07:45.1| 29.3520|  0.6940     |  17.088| 0.707   |
|      06831|GRB 980617-|14 50.0|+48 54|1998-06-17 12:43:38.6|  0.5666|  0.1835     |  20.096| 6.924   |
|      07172|GRB 981022-|00 59.6|+48 55|1998-10-22 18:02:02.3|  7.0835|  0.3417     |  27.648| 1.675   |
|      06163|GRB 970407-|09 32.2|+48 55|1997-04-07 19:51:00.8|        |             |        |         |
|      06317|GRB 970725-|19 05.7|+48 58|1997-07-25 04:51:10.9|  1.0204|  0.1887     |   7.744| 0.932   |
|      02509|4B 930902- |15 33.7|+49 00|1993-09-02 06:57:24.8|  2.2480|  0.2550     |        |         |
|      03905|4B 951112- |08 50.1|+49 05|1995-11-12 18:27:59.8|  4.6750|  0.2810     |  24.256| 3.032   |
|      07513|GRB 990407 |17 46.8|+49 05|1999-04-07 23:59:00.1|        |             |        |         |
|      00204|4B 910517- |07 34.3|+49 10|1991-05-17 10:48:47.2|  0.7080|  0.2330     |  62.656| 1.548   |
|      07632|GRB 990705-|12 58.0|+49 13|1999-07-05 03:42:34.5|  0.0000|  0.0000     |   1.897| 0.183   |
|      06439|GRB 971016 |03 27.1|+49 19|1997-10-16 11:34:56.6|  1.4949|  0.2240     |   0.256| 0.091   |
|      05545|4B 960720  |17 29.7|+49 20|1996-07-20 11:36:52.9|  2.4490|  0.2410     |  12.544| 2.433   |
|      07587|GRB 990527-|13 19.7|+49 21|1999-05-27 18:13:12.1|  0.5851|  0.1790     |  18.944| 3.482   |
|      06931|GRB 980718-|13 03.9|+49 22|1998-07-18 13:16:08.3|  6.1825|  0.3397     |   0.240| 0.027   |
|      02188|4B 930213- |00 55.7|+49 25|1993-02-13 08:52:06.9|  1.0310|  0.2250     |  74.368| 3.126   |
|      03779|4B 950907  |20 08.5|+49 28|1995-09-07 04:34:06.9|  0.7830|  0.1820     |  11.328| 6.408   |
|      06393|GRB 970923 |15 22.9|+49 28|1997-09-23 09:20:23.8|  0.7993|  0.1934     |        |         |
|      07130|GRB 980928 |17 03.1|+49 31|1998-09-28 11:12:39.6|  0.8582|  0.2106     |  52.672| 3.238   |
|      03431|4B 950216  |08 15.2|+49 35|1995-02-16 21:19:07.2|        |             |   0.496| 0.082   |
|      06586|GRB 980203-|22 13.4|+49 35|1998-02-03 05:49:21.8|  1.2728|  0.2101     |   0.685| 0.040   |
|      06448|GRB 971024-|18 01.9|+49 38|  1997-10-24 11:33:32|  0.5813|  0.1870     | 149.248|39.565   |
|      01122|4B 911127- |17 56.6|+49 44|1991-11-27 04:22:08.2| 13.7870|  0.5510     |  18.752| 0.979   |
|      01743|4B 920804- |11 21.8|+49 50|1992-08-04 22:59:15.2|        |             |  21.824| 1.404   |
|      05594|GRB 960907-|09 35.7|+49 52|1996-09-07 06:50:11.3|  0.7153|  0.1803     |  12.800| 3.329   |
|      06105|GRB 970227-|06 14.8|+49 53|1997-02-27 13:24:36.7|  2.4243|  0.2509     |   0.207| 0.093   |
|      07379|GRB 990210-|07 12.4|+50 07|  1999-02-10 04:28:15|  1.2876|  0.2244     |  66.944| 9.989   |
|      02147|4B 930126  |23 57.0|+50 16|1993-01-26 11:22:41.7|        |             |        |         |
|      07159|GRB 981016 |02 48.3|+50 17|1998-10-16 16:50:56.7|  1.2165|  0.2497     |  13.056|26.831   |
|      03926|4B 951128- |16 42.6|+50 19|1995-11-28 10:26:40.9|  1.2090|  0.2250     |   9.952| 1.073   |
|      02061|4B 921118  |23 21.8|+50 19|1992-11-18 22:11:44.4|  2.4490|  0.3190     | 174.656| 2.127   |
|      06472|GRB 971110 |16 06.7|+50 22|1997-11-10 18:53:26.9| 18.7156|  0.4977     | 195.200| 0.362   |
|      03480|4B 950325- |03 31.2|+50 30|1995-03-25 07:10:44.4| 21.6080|  0.5120     |   9.150| 0.257   |
|      06338|GRB 970817-|16 24.4|+50 30|1997-08-17 23:58:08.7|  1.5908|  0.2818     |   0.768| 0.516   |
|      06544|GRB 971223 |14 46.6|+50 32|1997-12-23 00:38:04.3|  1.6955|  0.2297     |  32.960| 2.627   |
|      02029|4B 921030- |09 27.1|+64 31|1992-10-30 23:38:38.6|        |             |   1.152| 1.026   |
|      01447|4B 920227- |13 29.1|+50 34|1992-02-27 20:50:00.4|  1.7540|  0.3180     |  22.720| 0.590   |
|      02873|4B 940310  |04 58.4|+50 35|1994-03-10 22:00:57.3|  1.3380|  0.2290     |   0.084| 0.516   |
|      02986|4B 940521- |19 43.0|+50 37|1994-05-21 15:45:44.6|  0.6900|  0.2180     |   4.032| 0.528   |
|      01439|4B 920226- |06 40.2|+50 38|1992-02-26 07:54:09.4|  0.5590|  0.2960     |   8.320| 1.988   |
|      03112|4B 940807  |05 26.7|+50 39|1994-08-07 18:31:05.9|        |             |        |         |
|      08036|GRB 000314 |09 10.8|+50 40|2000-03-14 08:51:42.5|  1.7170|  0.2117     | 110.848| 3.789   |
|      01742|4B 920804- |19 05.6|+50 41|1992-08-04 19:53:21.8|  0.9500|  0.2310     |  52.160|11.394   |
|      03095|4B 940725  |03 40.4|+50 42|1994-07-25 18:11:36.8|        |             |        |         |
|      03840|4B 951001  |14 16.2|+50 44|1995-10-01 22:14:05.2|  1.0420|  0.1890     |   4.169| 1.108   |
|      05581|4B 960819  |05 48.4|+50 46|1996-08-19 20:36:22.3|  0.7840|  0.1980     |  28.768| 6.678   |
|      06237|GRB 970521 |02 14.9|+51 02|  1997-05-21 09:37:48|  1.9802|  0.2922     |   0.640| 0.326   |
|      05497|4B 960615- |07 23.7|+51 08|  1996-06-15 02:06:28|  0.8500|  0.1730     | 118.304|13.082   |
|      06131|GRB 970321 |06 20.0|+51 23|1997-03-21 16:49:34.2|  1.3955|  0.2056     |  10.048| 0.181   |
|      02939|4B 940419- |07 01.4|+51 26|1994-04-19 14:39:29.4|        |             |  47.168| 0.834   |
|      02918|4B 940410- |15 25.8|+51 27|1994-04-10 14:41:46.6|  3.4370|  0.3380     |   0.448| 0.091   |
|      06446|GRB 971023-|19 12.3|+51 31|1997-10-23 11:12:14.6|  1.1085|  0.1944     | 100.672| 9.572   |
|      02198|4B 930218  |07 53.1|+51 37|1993-02-18 00:06:04.4|        |             |        |         |
|      06560|GRB 980105 |02 28.8|+51 40|1998-01-05 00:44:41.8| 11.8054|  0.3888     |  36.800| 0.264   |
|      03918|4B 951124- |04 53.3|+51 41|1995-11-24 05:54:18.9|  2.2770|  0.2440     | 110.464| 2.057   |
|      07387|GRB 990213-|09 43.6|+51 43|1999-02-13 09:46:03.6|  1.0328|  0.1917     |  63.232| 4.548   |
|      02228|4B 930309- |21 41.6|+51 44|1993-03-09 03:07:49.8|  9.2320|  0.4480     |  90.112| 1.669   |
|      03141|4B 940828  |22 34.7|+51 44|1994-08-28 06:47:19.5|  0.7970|  0.2930     |   2.290| 0.584   |
|      05541|4B 960715- |20 52.0|+51 52|1996-07-15 11:19:14.9|  1.8390|  0.2280     |  26.432| 6.088   |
|      02358|4B 930529  |02 55.6|+51 55|  1993-05-29 03:44:57|  0.8080|  0.2370     |   1.280| 0.091   |
|      03443|4B 950227  |06 12.7|+51 55|1995-02-27 14:04:12.8|        |             |        |         |
|      02128|4B 930112- |14 00.4|+51 55|1993-01-12 15:18:02.1|        |             |        |         |
|      03910|4B 951117- |04 58.1|+52 11|1995-11-17 16:58:00.5|  2.4440|  0.2300     |   0.088| 0.018   |
|      00289|4B 910607- |09 47.0|+52 16|1991-06-07 04:31:01.2|  1.6070|  0.2530     |   0.067| 0.012   |
|      01992|4B 921018  |12 25.4|+52 25|1992-10-18 09:09:24.2|        |             |        |         |
|      02782|4B 940126- |01 28.3|+52 35|1994-01-26 18:56:24.7|        |             |        |         |
|      02713|4B 931228  |14 56.1|+52 35|1993-12-28 00:18:13.3|        |             |        |         |
|      03412|4B 950211- |00 38.0|+52 39|1995-02-11 02:24:57.8| 54.8200|  0.7600     |   0.068| 0.006   |
|      05487|4B 960605- |16 16.2|+52 48|1996-06-05 13:11:35.9|  0.8320|  0.2030     |  12.128| 2.350   |
|      02523|4B 930911  |11 53.2|+52 52|1993-09-11 23:16:01.4|  1.5570|  0.2530     |   0.680| 0.115   |
|      00432|4B 910625  |21 10.4|+52 55|  1991-06-25 05:28:34|  4.9760|  0.4010     |   0.034| 0.005   |
|      01416|4B 920218- |09 21.7|+52 58|1992-02-18 11:03:11.9|  2.1420|  0.2620     |   3.456| 0.968   |
|      07581|GRB 990523-|03 27.4|+52 59|1999-05-23 18:46:46.8|  0.9594|  0.1873     |   2.347| 2.457   |
|      05505|4B 960618  |13 17.5|+53 03|1996-06-18 02:13:20.2|  1.0410|  0.1970     |        |         |
|      02821|4B 940214- |10 04.3|+53 09|1994-02-14 00:38:08.5|  1.9030|  0.2760     |   0.392| 0.029   |
|      01566|4B 920423- |00 23.8|+53 10|1992-04-23 17:40:22.6|  1.7260|  0.2600     |   0.074| 0.060   |
|      02893|4B 940327  |02 35.4|+53 14|1994-03-27 20:24:36.8|  0.5740|  0.2080     |  10.336| 1.541   |
|      06414|GRB 971006 |16 39.1|+53 14|1997-10-06 05:16:57.4|  2.0846|  0.2580     |  48.064| 3.329   |
|      06658|GRB 980325-|04 05.4|+53 14|1998-03-25 14:46:15.8|  1.9012|  0.2359     |   8.064| 1.154   |
|      03107|4B 940806- |13 16.2|+53 17|1994-08-06 02:09:45.1|        |             |        |         |
|      02830|4B 940217- |23 32.4|+53 21|1994-02-17 05:56:52.8|  0.9150|  0.2350     |   3.264| 0.264   |
|      02992|4B 940526- |20 54.2|+53 28|1994-05-26 03:26:10.6|  0.6210|  0.2250     |  16.832| 5.633   |
|      01924|4B 920913  |23 26.3|+53 37|1992-09-13 03:55:01.1|  1.2300|  0.2470     |  26.560| 3.304   |
|      03805|4B 950918  |02 37.1|+53 37|1995-09-18 11:48:35.6|  0.9410|  0.1680     |  30.080| 2.725   |
|      01701|4B 920715  |19 03.1|+53 44|1992-07-15 12:51:26.8|  1.9900|  0.2750     |   3.392| 0.716   |
|      05474|4B 960525  |09 16.3|+53 46|  1996-05-25 23:32:30|  1.0160|  0.1810     |  18.432|11.143   |
|      00540|4B 910715  |21 25.7|+53 50|1991-07-15 11:54:02.2|  0.8800|  0.2200     |  32.000| 1.600   |
|      08110|GRB 000518 |04 45.3|+53 55|  2000-05-18 05:41:52|  1.5945|  0.2056     |  10.304| 2.440   |
|      08086|GRB 000424-|07 00.1|+53 59|  2000-04-24 18:18:08|  3.1388|  0.2756     |  18.432| 1.985   |
|      00257|4B 910602- |09 31.0|+53 59|  1991-06-02 22:55:01|  1.8660|  0.2870     |  80.832| 4.160   |
|      02760|4B 940115  |14 24.0|+54 01|1994-01-15 03:43:30.2|  1.0360|  0.2410     |   4.672| 0.528   |
|      03792|4B 950911- |04 38.8|+54 02|1995-09-11 23:20:50.9|  0.8340|  0.1760     |  22.048| 4.637   |
|      04556|4B 960124- |03 24.2|+54 03|  1996-01-24 00:56:26| 16.5760|  0.4880     |  13.088| 1.042   |
|      03408|4B 950208  |22 27.8|+54 11|  1995-02-08 02:10:24| 14.7310|  0.4470     |  58.560| 1.026   |
|      06853|GRB 980619 |23 00.7|+54 12|  1998-06-19 12:01:06|  1.3407|  0.2085     |   7.104| 1.741   |
|      08008|GRB 000302-|03 52.8|+54 17|2000-03-02 02:50:25.1|  9.0618|  0.3405     |  22.656| 0.453   |
|      06546|GRB 971227 |12 40.2|+54 17|1997-12-27 08:23:06.7|  3.3192|  0.2485     |   6.784| 2.052   |
|      05770|GRB 970110 |18 42.2|+54 23|1997-01-10 23:12:51.7|  1.4223|  0.2087     |   0.727| 0.467   |
|      03514|4B 950419  |03 21.0|+54 28|1995-04-19 11:23:47.2|  1.0800|  0.2090     |  88.864| 3.117   |
|      00830|4B 910928- |13 21.7|+54 34|1991-09-28 08:50:16.9|  5.0550|  0.3580     |   0.131| 0.015   |
|      06396|GRB 970925-|23 07.9|+54 36|1997-09-25 07:04:05.1|  0.8871|  0.1828     |  52.672| 3.011   |
|      04462|4B 960119- |05 45.3|+54 39|1996-01-19 09:37:55.8|        |             |        |         |
|      05709|GRB 961211-|18 46.8|+54 49|1996-12-11 01:56:12.4|        |             |        |         |
|      02332|4B 930510  |10 02.7|+55 00|1993-05-10 02:23:10.4|  1.2760|  0.2520     |   0.052| 0.156   |
|      06816|GRB 980611-|18 21.1|+55 01|1998-06-11 00:48:59.9|  5.5426|  0.3556     |  35.136| 0.231   |
|      07840|GRB 991104 |03 32.5|+55 05|1999-11-04 17:07:07.4|  2.8832|  0.2600     |  43.776| 2.627   |
|      01986|4B 921011  |21 34.2|+55 33|  1992-10-11 09:33:27|        |             |        |         |
|      07403|GRB 990220 |10 52.2|+55 36|1999-02-20 12:03:17.9|  1.5206|  0.2048     |  65.856| 3.973   |
|      02087|4B 921208  |00 29.8|+55 45|1992-12-08 11:19:34.4|  2.2660|  0.2760     |  10.112| 0.792   |
|      06188|GRB 970417-|19 42.6|+55 46|1997-04-17 13:53:36.7|  0.9838|  0.1950     |   7.936| 0.630   |
|      05466|4B 960521- |20 13.0|+55 46|1996-05-21 08:05:46.8|  0.8390|  0.2020     |  16.288| 3.666   |
|      02974|4B 940512- |15 31.9|+55 53|1994-05-12 17:37:50.3|        |             |        |         |
|      02537|4B 930922- |18 04.8|+55 53|1993-09-22 06:24:46.8| 27.2830|  0.7040     |   4.800| 0.091   |
|      02628|4B 931112  |20 46.0|+55 57|1993-11-12 18:45:53.3|  7.5700|  0.3970     |   5.888| 0.091   |
|      07567|GRB 990516-|05 42.5|+56 05|1999-05-16 20:55:15.9|  2.5740|  0.2236     |   6.528| 1.257   |
|      00593|4B 910730- |08 50.1|+56 08|  1991-07-30 14:11:49|  0.9530|  0.2510     |        |         |
|      06129|GRB 970318 |09 01.0|+56 14|1997-03-18 08:24:00.2|        |             |        |         |
|      03734|4B 950804- |19 09.8|+56 16|1995-08-04 01:58:54.9|        |             |        |         |
|      02910|4B 940404  |03 08.1|+56 16|1994-04-04 15:21:54.1|  1.3280|  0.2730     |   0.320| 0.326   |
|      05491|4B 960608- |20 46.6|+56 22|1996-06-08 19:21:42.4|  2.0610|  0.2110     |   0.144| 0.025   |
|      02407|4B 930621- |20 13.2|+56 25|1993-06-21 16:52:14.5|        |             |        |         |
|      05447|4B 960425- |00 39.2|+56 31|  1996-04-25 23:59:51|  4.1040|  0.2770     |  55.904| 1.280   |
|      03256|4B 941023- |23 36.1|+56 31|1994-10-23 12:15:25.4|  1.8920|  0.2190     |  96.576| 8.384   |
|      03492|4B 950403- |12 18.6|+56 33|1995-04-03 23:33:46.5| 61.4410|  0.9050     |        |         |
|      05576|4B 960816  |12 30.8|+56 33|1996-08-16 02:16:07.2|  0.9950|  0.2340     |   0.192| 0.097   |
|      06605|GRB 980218-|12 13.2|+56 38|1998-02-18 03:45:23.2|  2.4379|  0.2280     |  16.704| 1.154   |
|      07977|GRB 000201-|02 05.6|+56 53|2000-02-01 18:29:33.5|        |             |   0.020| 0.051   |
|      03488|4B 950401- |13 11.7|+56 57|1995-04-01 11:50:42.4|  9.3980|  0.3840     |  60.224| 0.779   |
|      07362|GRB 990130 |11 42.4|+56 58|  1999-01-30 16:35:14|        |             |        |         |
|      04327|4B 960112  |02 27.3|+57 14|1996-01-12 07:31:58.9| 10.6200|  0.3330     |   0.128| 0.091   |
|      06800|GRB 980530-|12 56.9|+57 21|1998-05-30 22:51:52.1|  7.6626|  0.3356     |   0.206| 0.029   |
|      05610|GRB 960923-|17 05.3|+57 21|1996-09-23 00:38:17.5|  0.7834|  0.1857     |  95.360| 2.010   |
|      03493|4B 950405- |00 55.0|+57 30|1995-04-05 04:14:17.8|  1.0890|  0.1930     |  83.008| 6.789   |
|      07640|GRB 990708-|11 52.5|+57 31|1999-07-08 23:11:49.1|        |             |        |         |
|      02203|4B 930219- |16 11.3|+57 31|1993-02-19 05:08:12.5|  1.8540|  0.2800     |  15.104| 3.392   |
|      05744|GRB 970105 |21 02.6|+57 31|1997-01-05 02:57:56.2|        |             |        |         |
|      05511|4B 960621- |04 46.6|+57 32|  1996-06-21 22:23:29|        |             |        |         |
|      02900|4B 940331- |10 31.2|+57 32|1994-03-31 13:52:51.9|  0.5450|  0.2230     |  18.144| 2.146   |
|      07886|GRB 991129-|20 54.9|+57 32|1999-11-29 12:38:07.6|  1.3445|  0.2166     |  37.696| 7.169   |
|      05605|GRB 960916 |10 15.8|+57 33|1996-09-16 23:48:20.6|  0.6939|  0.1623     |   7.296| 1.319   |
|      06366|GRB 970906 |14 41.3|+57 37|1997-09-06 02:46:39.1|  0.7877|  0.2065     |        |         |
|      03733|4B 950803  |08 58.8|+57 38|1995-08-03 18:12:51.5|  0.6210|  0.1730     |  12.640| 5.538   |
|      01530|4B 920331- |01 50.1|+57 41|1992-03-31 14:32:12.1|        |             |        |         |
|      07167|GRB 981021-|08 54.8|+57 44|1998-10-21 09:36:28.6|  1.0464|  0.1871     |  51.712| 3.851   |
|      03737|4B 950805- |21 14.6|+57 46|1995-08-05 10:24:31.2|  4.7590|  0.3080     |   0.320| 0.082   |
|      01503|4B 920320- |21 35.5|+57 49|1992-03-20 12:18:58.9|  5.2940|  0.3500     |        |         |
|      05468|4B 960522  |23 09.8|+57 49|1996-05-22 06:38:06.5|        |             |        |         |
|      06904|GRB 980706-|10 38.8|+57 50|  1998-07-06 15:59:47| 54.6187|  0.8702     |  25.856| 1.921   |
|      01610|4B 920517- |13 07.7|+57 55|1992-05-17 14:24:08.8|        |             |        |         |
|      03125|4B 940814  |09 01.8|+57 57|1994-08-14 20:10:17.4|        |             |  23.296| 1.386   |
|      06884|GRB 980628 |12 12.6|+57 57|1998-06-28 15:01:33.5|  0.9885|  0.2525     |  28.608| 5.888   |
|      06963|GRB 980803 |09 24.8|+57 59|1998-08-03 13:36:20.7| 23.1569|  0.5448     |  19.840| 0.143   |
|      02609|4B 931030- |21 45.6|+58 14|1993-10-30 08:08:42.2|        |             |        |         |
|      03364|4B 950118- |06 51.9|+58 18|1995-01-18 12:23:09.7|  0.9660|  0.1970     |  39.648| 4.098   |
|      00179|4B 910511  |17 45.9|+58 18|1991-05-11 02:11:47.7|  5.2490|  0.3690     |   7.232| 0.181   |
|      02458|4B 930724- |19 18.4|+58 19|1993-07-24 02:21:50.4|  3.0360|  0.2920     |   4.976| 0.132   |
|      07093|GRB 980917 |21 20.8|+58 22|1998-09-17 06:12:56.5|        |             |        |         |
|      03011|4B 940602- |01 12.9|+58 25|1994-06-02 00:14:17.8|  1.9060|  0.2900     |  49.664| 5.957   |
|      06763|GRB 980518-|22 02.8|+58 25|1998-05-18 09:47:11.5|  2.4170|  0.2363     |  33.920| 1.196   |
|      06305|GRB 970713-|08 28.5|+58 27|1997-07-13 20:57:17.8|  0.7840|  0.1995     |  25.792| 8.010   |
|      07737|GRB 990825 |04 44.3|+58 34|1999-08-25 15:43:22.1|        |             |        |         |
|      07963|GRB 000122 |16 58.0|+58 35|2000-01-22 20:40:57.1|  0.7195|  0.1628     |  13.184| 2.096   |
|      06304|GRB 970713-|18 17.9|+58 39|1997-07-13 15:17:22.8|  0.7904|  0.1747     |  33.472| 5.598   |
|      02857|4B 940303  |12 48.9|+58 41|1994-03-03 01:21:53.8|  0.7780|  0.2340     |  24.544| 1.361   |
|      02481|4B 930805- |18 57.1|+58 42|1993-08-05 01:59:13.3|        |             |        |         |
|      06540|GRB 971220-|13 41.8|+58 50|1997-12-20 19:31:40.8|  2.4764|  0.2372     |   0.032| 0.005   |
|      04636|4B 960128  |11 27.1|+58 53|1996-01-28 14:36:43.8|        |             |        |         |
|      02898|4B 940330- |23 28.9|+58 53|1994-03-30 17:02:31.6|  0.9230|  0.2370     |  14.976| 1.669   |
|      06922|GRB 980714 |18 51.2|+58 55|1998-07-14 10:51:21.7|        |             |        |         |
|      02048|4B 921111- |20 15.2|+58 55|1992-11-11 06:31:03.6|        |             |        |         |
|      03003|4B 940529- |14 19.4|+58 56|1994-05-29 21:18:56.2|  3.0390|  0.3220     |  37.632| 3.853   |
|      05621|GRB 961001-|02 51.2|+59 02|1996-10-01 20:53:05.2| 25.6426|  0.6091     |   9.536| 0.202   |
|      06666|GRB 980329-|18 14.8|+59 09|1998-03-29 10:31:00.3|  1.6866|  0.2329     |  11.008| 3.057   |
|      07986|GRB 000207 |19 18.8|+59 15|2000-02-07 23:56:22.6|        |             |        |         |
|      03273|4B 941101  |15 46.6|+59 17|1994-11-01 20:35:27.5|  1.8190|  0.2180     |        |         |
|      06350|GRB 970828 |17 56.9|+59 25|1997-08-28 17:44:36.8|        |             |        |         |
|      06209|GRB 970426 |20 50.8|+59 26|1997-04-26 11:58:33.7|  1.5580|  0.1812     |        |         |
|      01791|4B 920811- |18 40.3|+59 29|1992-08-11 02:49:58.1|  1.9230|  0.2560     |   1.235| 0.541   |
|      06390|GRB 970919-|19 54.2|+59 34|  1997-09-19 22:10:16|  2.9375|  0.2438     |  48.192| 2.945   |
|      02265|4B 930324  |12 00.8|+59 34|1993-03-24 04:41:27.2|  1.3550|  0.2420     |   0.456| 0.034   |
|      01463|4B 920305- |17 38.4|+59 39|1992-03-05 01:00:42.2|  4.7530|  0.3580     |   0.192| 0.091   |
|      04256|4B 960107  |09 23.6|+59 42|1996-01-07 02:11:20.4|  1.1700|  0.1920     |        |         |
|      00548|4B 910718- |23 22.2|+59 44|1991-07-18 02:24:57.2|  2.2020|  0.2830     |  36.224| 0.898   |
|      08061|GRB 000331-|02 08.0|+59 46|2000-03-31 23:43:41.8|  0.7266|  0.2112     |  26.944| 1.073   |
|      07904|GRB 991214 |12 36.3|+59 46|1999-12-14 23:53:02.6|        |             |        |         |
|      06325|GRB 970803 |09 45.5|+59 48|1997-08-03 18:28:56.9|        |             |        |         |
|      02755|4B 940112- |02 59.8|+59 55|1994-01-12 19:53:32.6|  1.5920|  0.2340     |   0.144| 0.025   |
|      02133|4B 930114- |18 54.6|+60 02|1993-01-14 00:44:50.7|  1.0440|  0.2330     |   3.904| 0.462   |
|      03449|4B 950302  |13 46.6|+60 13|1995-03-02 23:52:54.3|        |             |        |         |
|      07375|GRB 990206-|07 28.4|+60 24|1999-02-06 15:51:01.6|  6.4008|  0.3084     |   0.311| 0.073   |
|      04039|4B 951219  |16 03.2|+60 31|1995-12-19 16:51:19.7|  7.0880|  0.3270     |  58.816| 4.994   |
|      07995|GRB 000222 |03 36.0|+60 36|2000-02-22 13:44:26.7|  2.4912|  0.2351     |   0.608| 0.477   |
|      07842|GRB 991106 |02 37.0|+60 38|1999-11-06 19:03:32.3|        |             |        |         |
|      05671|GRB 961116 |04 05.1|+60 40|1996-11-16 16:24:00.8|        |             |        |         |
|      02750|4B 940110- |11 25.4|+60 40|  1994-01-10 09:25:37|  0.5760|  0.2170     |  11.136| 2.823   |
|      06124|GRB 970315-|00 08.6|+60 43|1997-03-15 15:40:54.2| 41.7709|  0.7426     |  16.832| 0.202   |
|      01382|4B 920209- |19 12.9|+60 45|1992-02-09 21:40:44.8|  0.5520|  0.2370     |   7.808| 6.936   |
|      06255|GRB 970605 |09 54.7|+60 47|1997-06-05 08:08:24.8|        |             |        |         |
|      02428|4B 930704- |06 43.6|+60 48|1993-07-04 16:49:05.7|  2.3420|  0.2800     | 144.928| 5.209   |
|      05890|GRB 970120 |13 04.4|+60 50|1997-01-20 23:09:26.6|  1.0606|  0.2116     |   5.760| 1.680   |
|      06989|GRB 980814 |20 43.4|+61 15|1998-08-14 13:33:18.2|  1.0876|  0.2615     |  78.208| 7.938   |
|      03528|4B 950430- |08 21.6|+61 25|1995-04-30 16:33:36.9|  0.5360|  0.1610     | 151.456| 3.605   |
|      07287|GRB 981229 |21 46.8|+61 25|1998-12-29 09:23:05.8|  6.3173|  1.0217     |   1.606| 2.464   |
|      02089|4B 921209- |11 31.9|+61 27|1992-12-09 02:40:56.7|        |             |        |         |
|      06535|GRB 971218-|02 46.5|+61 28|1997-12-18 14:34:59.9| 11.8821|  0.3828     |   1.664| 0.143   |
|      06655|GRB 980322 |02 16.1|+61 42|1998-03-22 02:27:14.8|  0.9023|  0.1873     |  63.360| 4.596   |
|      02351|4B 930524- |08 20.3|+61 46|1993-05-24 15:59:08.4|        |             |        |         |
|      06382|GRB 970915 |15 55.9|+61 46|1997-09-15 15:39:16.2|        |             |        |         |
|      07230|GRB 981125-|13 29.2|+61 52|1998-11-25 21:06:21.7|  2.8860|  0.2586     |  45.248| 2.819   |
|      05463|4B 960516- |13 55.0|+61 53|1996-05-16 18:37:19.4|  1.0860|  0.1980     |  65.568| 2.009   |
|      02587|4B 931015  |22 32.3|+61 59|1993-10-15 10:00:06.6|        |             |        |         |
|      02079|4B 921206- |20 56.9|+62 01|  1992-12-06 17:34:50|  1.1170|  0.2430     |  21.888| 2.382   |
|      08012|GRB 000303 |18 23.3|+62 03|2000-03-03 04:46:30.6|  1.1325|  0.1849     |  17.664| 1.448   |
|      06676|GRB 980402 |13 12.5|+62 08|1998-04-02 21:49:08.3|  1.3401|  0.2051     |  12.736| 1.921   |
|      06267|GRB 970612-|07 50.3|+62 09|1997-06-12 20:38:10.9|  1.2523|  0.2394     |  12.864| 3.974   |
|      06272|GRB 970614-|15 38.8|+62 12|1997-06-14 23:07:42.2|  2.0010|  0.2101     | 122.944| 2.255   |
|      02814|4B 940211- |18 13.4|+62 12|1994-02-11 13:31:53.9|  2.5470|  0.2940     |   0.064| 0.091   |
|      06527|GRB 971209 |16 05.4|+62 13|  1997-12-09 23:10:36|  8.4785|  0.3818     |   1.856| 0.516   |
|      06547|GRB 971228 |10 20.7|+62 14|1997-12-28 08:11:24.1|  1.3834|  0.1981     |   0.097| 0.048   |
|      07470|GRB 990315-|04 47.8|+62 17|1999-03-15 00:09:47.5|        |             |        |         |
|      06251|GRB 970603-|11 48.2|+62 19|1997-06-03 23:35:00.3|  7.5941|  0.3716     |   3.008| 0.143   |
|      07749|GRB 990902 |03 52.9|+62 29|1999-09-02 03:41:58.9|  0.4220|  0.1613     |  19.200| 5.007   |
|      02491|4B 930816  |04 36.1|+62 41|1993-08-16 00:52:24.8|        |             |        |         |
|      05502|4B 960616- |07 16.5|+62 42|1996-06-16 18:28:15.6|  3.8460|  0.2970     |   0.064| 0.091   |
|      02611|4B 931031  |21 40.4|+62 44|1993-10-31 04:06:35.4| 35.0500|  0.8930     |  12.212| 0.064   |
|      02729|4B 940101- |12 37.1|+62 50|1994-01-01 22:42:00.9|        |             |        |         |
|      00867|4B 911004  |23 19.0|+62 57|1991-10-04 01:27:09.7|  2.3570|  0.2990     |   2.614| 0.706   |
|      01559|4B 920419- |05 42.1|+63 17|1992-04-19 20:06:46.6|  1.0820|  0.2370     |  32.384| 3.471   |
|      06681|GRB 980406 |11 45.7|+63 20|1998-04-06 10:57:44.9|        |             |        |         |
|      02719|4B 931230  |15 59.2|+63 35|1993-12-30 20:26:49.9|  1.8760|  0.2640     |  34.880| 3.329   |
|      02819|4B 940213  |23 18.2|+63 43|1994-02-13 12:18:46.8|        |             |        |         |
|      02925|4B 940413- |14 27.9|+63 47|1994-04-13 14:11:24.5|  1.5300|  0.2560     |  17.152| 2.763   |
|      02019|4B 921029- |08 34.4|+63 49|1992-10-29 18:16:53.1|  1.7180|  0.2980     |  21.696| 0.547   |
|      02317|4B 930425- |17 11.3|+63 49|1993-04-25 14:54:47.7|  9.7330|  0.4630     |   0.896| 0.091   |
|      01298|4B 920114  |16 16.5|+63 53|1992-01-14 17:23:46.4|  0.4620|  0.2150     |   3.904| 0.231   |
|      03665|4B 950714  |01 56.0|+64 02|1995-07-14 01:43:06.9|  9.4370|  0.3540     |   0.076| 0.003   |
|      03065|4B 940708- |14 16.2|+64 16|1994-07-08 14:30:49.5|        |             |        |         |
|      02583|4B 931013- |02 57.7|+64 17|1993-10-13 17:15:41.8|  9.6810|  0.4460     |   0.256| 0.091   |
|      03915|4B 951120- |05 59.5|+64 19|1995-11-20 08:35:29.7|        |             |   0.200| 0.025   |
|      02855|4B 940301  |06 54.0|+64 21|1994-03-01 20:10:37.1|  9.8340|  0.4650     |  42.496| 1.833   |
|      03505|4B 950413  |17 25.0|+64 22|1995-04-13 15:03:18.2|  0.7800|  0.2640     |  17.440| 1.118   |
|      03775|4B 950904- |11 18.1|+64 25|1995-09-04 07:43:00.8|        |             |        |         |
|      07970|GRB 000126-|09 07.5|+64 29|2000-01-26 13:21:51.4|  1.7149|  0.2019     |   0.387| 0.616   |
|      00660|4B 910809- |18 47.8|+64 44|1991-08-09 19:35:45.5|  4.7460|  0.3930     |  20.160| 0.834   |
|      05483|4B 960601- |00 22.3|+64 48|  1996-06-01 18:12:56|  1.5700|  0.2170     |   2.560| 0.580   |
|      05498|4B 960615- |15 49.5|+64 49|1996-06-15 04:07:02.3|  0.9610|  0.1870     |   0.769| 0.210   |
|      02162|4B 930204- |08 06.6|+64 50|  1993-02-04 12:36:31|        |             |        |         |
|      02201|4B 930219- |01 26.0|+65 00|1993-02-19 03:20:40.8|  1.8930|  0.2680     |   0.380| 0.065   |
|      02617|4B 931103- |05 51.5|+65 03|1993-11-03 16:25:42.6|        |             |        |         |
|      08002|GRB 000228 |15 46.1|+65 10|2000-02-28 03:25:05.1|        |             |        |         |
|      01468|4B 920308- |05 37.8|+65 15|1992-03-08 04:55:45.3|  3.9020|  0.3190     |  51.136| 4.736   |
|      02566|4B 931006  |04 25.2|+65 17|1993-10-06 21:31:50.3|        |             |        |         |
|      02533|4B 930916- |18 42.8|+65 23|1993-09-16 20:19:23.4| 10.2700|  0.5020     |  74.304| 5.314   |
|      03904|4B 951112- |06 35.3|+65 25|1995-11-12 14:02:14.1|  1.1710|  0.1970     |   0.036| 0.010   |
|      07207|GRB 981111-|07 23.5|+65 35|1998-11-11 06:43:40.9|  3.0732|  0.2369     |  24.192| 0.466   |
|      05585|4B 960824  |23 25.0|+65 40|1996-08-24 01:41:50.9|  1.8010|  0.2140     | 229.888| 3.650   |
|      07552|GRB 990507-|09 10.2|+65 54|1999-05-07 19:48:54.6|  0.9263|  0.1915     |  63.296|10.202   |
|      07992|GRB 000220 |12 08.2|+65 57|2000-02-20 04:44:45.2|  1.2486|  0.1972     |   2.447| 0.311   |
|      00401|4B 910620- |04 23.2|+65 58|1991-06-20 18:22:48.4|  0.4180|  0.2400     |   5.056| 0.181   |
|      07440|GRB 990302 |17 02.5|+66 02|1999-03-02 07:28:43.6|  5.9164|  0.3618     |   0.576| 0.143   |
|      01096|4B 911120- |00 26.8|+66 02|1991-11-20 07:52:59.4|  1.5580|  0.2590     |   0.320| 0.580   |
|      01830|4B 920816  |16 06.8|+66 10|1992-08-16 07:15:37.2|  0.9000|  0.2460     | 155.072| 3.341   |
|      06533|GRB 971214 |12 03.3|+66 13|1997-12-14 23:20:41.2|  2.6490|  0.2356     |  31.232| 1.180   |
|      04807|4B 960209  |23 52.9|+66 23|1996-02-09 20:43:47.2|  1.3380|  0.1930     |   0.192| 0.091   |
|      02679|4B 931205- |01 02.2|+66 29|1993-12-05 14:59:51.5| 13.7350|  0.5140     |   0.256| 0.091   |
|      03276|4B 941109  |02 26.5|+66 35|1994-11-09 00:00:36.8|  1.4240|  0.1940     |  20.192| 2.347   |
|      06330|GRB 970809-|12 15.7|+66 50|  1997-08-09 02:45:53|  0.4592|  0.1728     |  14.528| 2.639   |
|      01443|4B 920227- |04 33.4|+66 50|1992-02-27 06:00:50.6|  4.7130|  0.3680     |   2.496| 0.898   |
|      05299|4B 960321  |00 30.2|+67 03|1996-03-21 21:11:20.8|        |             |        |         |
|      05650|GRB 961030 |18 27.0|+67 08|1996-10-30 14:10:48.9|  1.0117|  0.2071     |   1.100| 0.120   |
|      08069|GRB 000408-|09 14.0|+67 13|2000-04-08 02:35:48.2|        |             |   4.779| 0.128   |
|      05415|4B 960409- |14 58.5|+67 17|1996-04-09 12:16:06.1|  1.5850|  0.2110     |  25.856| 1.675   |
|      01956|4B 920925- |10 41.0|+67 23|1992-09-25 21:45:16.2|  2.7950|  0.2750     |  14.016| 1.494   |
|      02964|4B 940506  |23 18.4|+67 30|1994-05-06 20:25:51.8|  1.4050|  0.2500     |   0.200| 0.058   |
|      01088|4B 911119- |02 49.7|+67 46|1991-11-19 06:29:01.6| 11.9220|  0.5550     |   0.192| 0.091   |
|      02073|4B 921202  |12 39.4|+67 56|1992-12-02 06:12:25.6|        |             |        |         |
|      06599|GRB 980213-|16 47.4|+68 05|1998-02-13 16:46:03.5|  1.5912|  0.2369     |        |         |
|      05563|4B 960804- |14 34.7|+68 12|1996-08-04 23:28:55.8| 22.7040|  0.5870     |   4.890| 0.211   |
|      07981|GRB 000204 |23 03.8|+68 14|  2000-02-04 06:22:45|        |             |        |         |
|      08074|GRB 000415-|11 41.9|+68 16|2000-04-15 00:16:10.2|        |             |        |         |
|      07494|GRB 990329 |04 49.8|+68 20|1999-03-29 22:56:18.9|  2.0949|  0.2284     |   5.952| 0.716   |
|      06120|GRB 970313 |08 52.1|+68 36|1997-03-13 17:59:20.8|  2.5707|  0.2660     |   0.640| 0.091   |
|      06227|GRB 970510-|18 59.5|+68 40|1997-05-10 02:52:08.8|  0.5250|  0.1600     |   5.760| 1.669   |
|      02787|4B 940127  |22 31.6|+68 45|1994-01-27 09:32:45.1|        |             |        |         |
|      07729|GRB 990822-|01 33.2|+68 46|1999-08-22 19:07:17.1|  0.7681|  0.1804     |  67.520|12.104   |
|      02160|4B 930203- |10 03.4|+68 49|1993-02-03 10:15:34.3|        |             | 123.136| 2.235   |
|      06128|GRB 970317-|07 27.0|+68 54|1997-03-17 23:20:27.8|  1.3248|  0.2156     |  69.952| 2.435   |
|      01733|4B 920801  |10 31.4|+68 54|1992-08-01 01:16:40.4|  3.1970|  0.3190     |  36.864| 3.379   |
|      06341|GRB 970820 |06 20.8|+68 56|1997-08-20 05:37:00.4|  3.0522|  0.2840     |   1.920| 0.707   |
|      01548|4B 920411- |18 35.9|+68 59|  1992-04-11 09:56:34|        |             |        |         |
|      07456|GRB 990308-|03 12.8|+69 13|  1999-03-08 03:04:53|  4.7089|  0.2715     |   4.928| 0.898   |
|      03774|4B 950901- |17 36.8|+69 21|1995-09-01 23:39:25.5|  1.6650|  0.2160     |   0.219| 0.088   |
|      08075|GRB 000415-|08 59.4|+69 25|2000-04-15 08:40:40.4|  3.1615|  0.2276     |  20.800| 0.580   |
|      07539|GRB 990430 |19 56.6|+69 32|1999-04-30 07:11:55.9|        |             |        |         |
|      03903|4B 951111  |02 05.6|+69 33|1995-11-11 21:32:48.4|  1.4730|  0.2060     |  66.432| 4.435   |
|      00942|4B 911027- |23 52.7|+69 37|1991-10-27 01:45:11.5|  0.6370|  0.2110     |   4.992| 1.358   |
|      06096|GRB 970219 |21 52.1|+69 55|1997-02-19 06:38:01.7|  3.1090|  0.2572     |   4.288| 1.154   |
|      01586|4B 920505  |03 01.5|+69 56|1992-05-05 21:54:49.6|  1.0410|  0.2240     |  90.560| 3.328   |
|      02660|4B 931126- |10 29.1|+70 05|1993-11-26 04:46:46.7|  1.0410|  0.2350     |  16.896| 2.057   |
|      07460|GRB 990308-|04 18.9|+70 06|1999-03-08 19:47:34.8|  0.9021|  0.2120     |  20.864| 7.177   |
|      03936|4B 951208- |23 32.0|+70 09|1995-12-08 05:26:56.2|  6.3510|  0.3060     |   2.880| 0.045   |
|      06219|GRB 970503 |11 22.6|+70 11|1997-05-03 05:46:09.4|  1.7959|  0.2060     |   2.752| 1.665   |
|      00914|4B 911022  |08 15.6|+70 20|  1991-10-22 04:13:58|  2.6380|  0.3270     |   6.656| 0.653   |
|      07934|GRB 000104-|14 53.0|+70 23|2000-01-04 14:26:11.8|  0.6559|  0.1948     |  23.680| 5.574   |
|      02120|4B 930106- |16 50.8|+70 31|1993-01-06 13:56:24.8|        |             |        |         |
|      06455|GRB 971029-|16 12.1|+70 38|1997-10-29 16:48:03.6|        |             |        |         |
|      01547|4B 920409  |16 19.9|+71 00|1992-04-09 04:21:57.7|        |             |        |         |
|      02159|4B 930203- |21 16.0|+71 28|1993-02-03 01:02:51.8|  0.8230|  0.2100     |   0.051| 0.018   |
|      02928|4B 940414- |14 25.4|+71 34|1994-04-14 09:17:10.2|        |             |        |         |
|      00185|4B 910512  |06 03.4|+71 35|1991-05-12 15:15:09.4|  1.5830|  0.2660     |   0.132| 0.077   |
|      06567|GRB 980112-|02 42.0|+71 38|1998-01-12 07:50:04.8|        |             |        |         |
|      07750|GRB 990903 |22 28.1|+71 44|1999-09-03 19:14:55.9|  3.7160|  0.2689     |  36.864|15.490   |
|      08085|GRB 000424-|15 32.2|+71 48|2000-04-24 09:04:26.4|  3.3823|  0.2619     |   3.584| 0.264   |
|      07766|GRB 990915 |06 28.4|+71 52|1999-09-15 23:15:22.6| 14.0718|  0.4493     |  77.952| 1.665   |
|      03797|4B 950914- |20 54.4|+72 23|1995-09-14 04:01:00.3|        |             |        |         |
|      08005|GRB 000301 |00 14.8|+72 41|2000-03-01 02:33:54.4|        |             |        |         |
|      02365|4B 930601- |12 21.2|+72 42|  1993-06-01 20:09:42|  1.4170|  0.2720     |   1.536| 0.604   |
|      02326|4B 930503- |03 21.1|+72 43|  1993-05-03 16:57:39|  1.3730|  0.2440     |   0.088| 0.025   |
|      00845|4B 911001  |16 43.0|+73 12|1991-10-01 08:56:15.7|  0.8810|  0.2580     |   2.368| 0.730   |
|      01695|4B 920711- |18 26.2|+73 23|1992-07-11 16:09:00.5|        |             |        |         |
|      03159|4B 940907  |06 19.5|+73 28|1994-09-07 08:25:36.2|  1.1870|  0.2350     |  18.240| 0.272   |
|      05428|4B 960416  |04 27.4|+73 36|1996-04-16 04:08:59.8|  1.6680|  0.2410     |  98.496| 8.033   |
|      00946|4B 911027- |08 28.9|+74 07|1991-10-27 10:31:50.4|  0.8770|  0.2420     |  48.512| 3.353   |
|      05617|GRB 960927 |13 18.2|+74 08|1996-09-27 03:47:18.3|  2.1603|  0.2080     |  31.872| 0.962   |
|      01297|4B 920113  |06 07.0|+74 10|1992-01-13 20:52:18.7|  1.0630|  0.2640     |        |         |
|      02600|4B 931023  |00 16.8|+74 10|1993-10-23 04:13:50.4|  1.4530|  0.2460     |  31.808| 1.214   |
|      06643|GRB 980315-|12 00.4|+74 37|1998-03-15 12:24:13.7|  2.8615|  0.2542     |   0.512| 0.326   |
|      07683|GRB 990730-|09 25.4|+74 48|1999-07-30 18:59:13.8|  0.8124|  0.1827     | 220.480| 8.450   |
|      03911|4B 951119- |00 44.6|+74 58|1995-11-19 01:33:00.6|        |             |  62.336|17.792   |
|      05489|4B 960607- |03 13.7|+75 06|1996-06-07 21:41:15.6|  9.9580|  0.3610     | 140.480| 0.543   |
|      02695|4B 931217  |00 03.0|+75 18|1993-12-17 12:10:39.1|  0.8850|  0.2340     |  33.376| 7.505   |
|      01112|4B 911123- |03 27.1|+75 31|1991-11-23 04:24:27.7|  1.5370|  0.2910     |   0.442| 0.017   |
|      07849|GRB 991109 |18 27.4|+75 34|1999-11-09 18:14:43.7|        |             |   0.268| 0.042   |
|      03042|4B 940623- |07 13.5|+75 47|1994-06-23 18:46:23.6|  7.1620|  0.4430     | 181.952| 0.181   |
|      01581|4B 920503- |13 44.0|+75 54|  1992-05-03 08:46:29|        |             |        |         |
|      07554|GRB 990508 |15 08.8|+75 59|1999-05-08 17:33:15.9|  0.9815|  0.1881     |   0.604| 0.443   |
|      06817|GRB 980611-|18 34.5|+76 03|1998-06-11 05:41:18.7|  0.8910|  0.2379     |        |         |
|      08079|GRB 000418 |04 39.2|+76 09|2000-04-18 21:30:17.1|  1.6542|  0.2147     |   2.288| 0.920   |
|      06764|GRB 980519 |23 44.4|+76 18|1998-05-19 12:20:12.6|  4.9664|  0.2905     |  23.808| 1.032   |
|      05564|4B 960805  |12 24.1|+76 22|1996-08-05 21:29:07.1|  6.7340|  0.3420     |   0.448| 0.184   |
|      07297|GRB 990103 |09 20.3|+76 23|1999-01-03 09:49:37.1|  1.0358|  0.2008     |   1.141| 0.485   |
|      06488|GRB 971120 |10 23.0|+76 25|1997-11-20 21:34:55.7|  0.7137|  0.1709     |   2.240| 0.466   |
|      08109|GRB 000517 |07 11.9|+76 44|2000-05-17 05:36:30.1|        |             |        |         |
|      05601|GRB 960912-|06 20.6|+76 52|1996-09-12 13:57:27.6|  4.9375|  0.2924     |  19.456| 0.962   |
|      04814|4B 960210  |15 29.2|+77 01|1996-02-10 09:46:37.6|  4.4410|  0.2640     |   2.964| 0.066   |
|      01652|4B 920617- |02 30.6|+77 31|1992-06-17 05:26:51.2|  4.2320|  0.3280     |  67.712| 0.781   |
|      07994|GRB 000221 |08 23.0|+77 42|2000-02-21 23:39:10.1|  5.9444|  0.2876     |  26.176| 0.091   |
|      06526|GRB 971208 |23 45.8|+77 56|1997-12-08 07:48:12.1|  2.1278|  0.2244     |        |         |
|      02338|4B 930514- |18 47.7|+78 02|1993-05-14 00:26:16.8|        |             |        |         |
|      07835|GRB 991101-|17 17.5|+78 07|1999-11-01 15:08:01.7|  1.1109|  0.2015     | 384.704| 3.657   |
|      03118|4B 940811  |05 03.2|+78 14|1994-08-11 09:28:59.7|  1.4730|  0.2450     |   0.232| 0.043   |
|      05726|GRB 961226 |01 24.2|+78 15|1996-12-26 05:50:51.1|  5.5102|  0.3037     |  12.736| 0.487   |
|      07103|GRB 980919 |20 37.2|+78 17|1998-09-19 19:28:54.2|        |             |        |         |
|      06492|GRB 971122-|20 02.0|+78 28|1997-11-22 21:29:11.6|        |             |        |         |
|      06401|GRB 970928 |11 13.2|+78 38|1997-09-28 02:21:47.9|  0.8668|  0.1724     |   3.392| 0.466   |
|      03564|4B 950509- |20 11.0|+78 49|1995-05-09 12:49:45.1|        |             |        |         |
|      02424|4B 930701- |20 59.5|+78 56|1993-07-01 22:12:33.6|  0.6190|  0.2070     |   2.470| 0.828   |
|      01732|4B 920731  |13 29.6|+79 05|1992-07-31 18:51:15.5|        |             |        |         |
|      07630|GRB 990703 |11 41.1|+79 14|1999-07-03 10:57:19.1|  2.8034|  0.2503     |  26.624| 8.960   |
|      04955|4B 960220  |11 42.6|+79 32|1996-02-20 21:14:14.3|  5.7370|  0.3110     |   0.464| 0.036   |
|      05628|GRB 961009-|06 16.2|+80 04|1996-10-09 09:19:13.9|  8.9689|  0.3365     |  15.872| 0.202   |
|      06576|GRB 980124-|18 08.9|+80 18|1998-01-24 06:34:33.1| 12.2193|  0.3842     |  45.056| 1.026   |
|      03745|4B 950808  |09 58.8|+80 22|1995-08-08 03:36:14.8|  2.6740|  0.2580     |  84.352| 2.749   |
|      01466|4B 920305- |08 57.5|+80 31|1992-03-05 10:02:54.1|  1.4890|  0.2570     |        |         |
|      08062|GRB 000401 |19 45.2|+80 36|2000-04-01 21:29:55.7|  0.8907|  0.2391     | 133.440| 3.178   |
|      06225|GRB 970508 |08 49.6|+80 37|1997-05-08 21:41:46.8|  1.2816|  0.2116     |  23.104| 3.789   |
|      05480|4B 960531- |12 00.0|+80 46|1996-05-31 08:56:41.4|  0.8260|  0.1700     |  47.296|17.218   |
|      08071|GRB 000409 |17 37.5|+80 49|2000-04-09 15:00:30.1|        |             |  41.344| 3.778   |
|      00207|4B 910518- |19 03.4|+80 49|1991-05-18 03:25:31.4|  2.8360|  0.3710     |   0.085| 0.003   |
|      02409|4B 930622- |16 36.0|+80 51|1993-06-22 04:52:29.2|        |             |        |         |
|      02664|4B 931128- |19 33.3|+80 53|1993-11-28 07:52:40.3|  0.7020|  0.2160     |  35.168| 2.243   |
|      03266|4B 941031- |04 24.8|+81 09|1994-10-31 00:47:02.3|  2.7010|  0.2650     |   0.610| 0.233   |
|      02054|4B 921113  |10 06.2|+81 17|1992-11-13 00:25:27.4|        |             |        |         |
|      02887|4B 940318  |11 02.7|+81 17|  1994-03-18 08:02:55|        |             |        |         |
|      00503|4B 910709  |11 31.1|+81 40|1991-07-09 11:33:22.1|  5.2090|  0.4490     |  46.656| 1.346   |
|      06335|GRB 970815 |15 38.0|+81 42|1997-08-15 12:07:04.4|  4.2939|  0.2913     | 149.184| 4.160   |
|      02812|4B 940210  |10 09.2|+82 08|  1994-02-10 19:13:17| 12.1000|  0.5770     |  30.656| 0.516   |
|      05530|4B 960707- |21 23.8|+82 31|1996-07-07 10:16:40.3|  6.6950|  0.2990     |   4.955| 0.065   |
|      02949|4B 940425- |18 43.4|+82 59|1994-04-25 16:45:06.1|        |             |        |         |
|      06412|GRB 971004-|21 37.7|+83 17|1997-10-04 19:45:40.8|  1.3290|  0.2001     |   3.008| 1.675   |
|      06223|GRB 970507 |05 56.9|+83 29|1997-05-07 17:01:44.5|  0.7539|  0.1921     |  11.008| 2.284   |
|      02978|4B 940515- |07 25.3|+83 56|1994-05-15 17:22:43.2|  8.7610|  0.4910     |   0.360| 0.088   |
|      07991|GRB 000219 |18 16.6|+84 08|2000-02-19 16:19:51.2|        |             |        |         |
|      03927|4B 951128- |02 52.8|+84 13|1995-11-28 21:49:53.7|        |             |        |         |
|      03406|4B 950207- |11 17.3|+84 18|1995-02-07 00:46:21.1|  1.0460|  0.1930     |        |         |
|      03552|4B 950506  |22 23.2|+84 20|1995-05-06 23:25:12.8|  0.9200|  0.2030     |  23.264| 4.409   |
|      02132|4B 930113- |02 48.4|+84 25|1993-01-13 15:30:58.9|  2.2740|  0.2700     |   0.090| 0.029   |
|      02155|4B 930201- |12 35.2|+84 44|1993-02-01 13:51:32.2|  1.9160|  0.2650     |   0.708| 0.080   |
|      02775|4B 940120- |09 47.0|+85 04|1994-01-20 12:31:57.1|  0.8230|  0.2270     |  31.648| 4.036   |
|      05538|4B 960713- |11 17.2|+85 27|1996-07-13 19:45:32.9|  0.8070|  0.1910     |  23.552| 3.668   |
|      06149|GRB 970331 |14 08.3|+85 43|1997-03-31 21:25:19.2|  0.6016|  0.2104     |        |         |
|      02240|4B 930313  |02 23.2|+86 04|1993-03-13 10:56:34.9|  0.8130|  0.2470     |  42.208| 3.328   |
|      03282|4B 941113  |13 11.3|+86 11|  1994-11-13 03:13:23|  3.0600|  0.2240     |   0.078| 0.014   |
|      03437|4B 950221- |13 36.9|+86 48|1995-02-21 23:43:20.5|  0.9530|  0.1880     |   0.344| 0.064   |
|      01982|4B 921008  |17 10.4|+87 11|1992-10-08 21:07:37.2|  1.7790|  0.2600     | 109.824| 6.177   |
|      03846|4B 951003  |02 39.3|+87 15|1995-10-03 09:18:39.5|        |             |        |         |
|      03085|4B 940716- |08 28.8|+88 06|1994-07-16 13:01:53.2|  1.5670|  0.2500     |  11.264| 2.263   |
